roll,pitch,thumb,pointer,middle,ax,ay,az,sign
-130.85,-6.39,254,59,25,1.13,-7.63,-6.60,fist
-138.95,-2.82,252,58,25,0.47,-6.25,-7.18,fist
-141.80,-3.59,252,62,26,0.58,-5.71,-7.25,fist
-130.00,-7.26,252,63,27,1.62,-9.76,-8.19,fist
-135.44,-0.83,252,63,28,0.15,-7.33,-7.44,fist
-137.74,-5.01,253,64,28,0.87,-6.65,-7.32,fist
-136.00,-4.54,253,65,29,0.79,-6.88,-7.12,fist
-133.72,-6.69,253,65,29,1.19,-7.34,-7.02,fist
-133.29,-8.63,253,64,29,1.55,-7.44,-7.01,fist
-135.63,-11.65,253,64,29,2.05,-6.94,-7.10,fist
-129.07,-9.03,253,63,20,1.66,-8.09,-6.57,fist
-133.20,-10.59,253,59,26,1.83,-7.13,-6.70,fist
-134.60,-1.58,253,58,25,0.25,-6.50,-6.41,fist
-121.19,-12.53,252,58,25,2.33,-8.96,-5.42,fist
-120.84,-13.18,254,61,25,2.47,-9.06,-5.41,fist
-113.09,-8.12,253,63,26,1.45,-9.34,-3.98,fist
-100.09,-25.33,253,63,26,4.49,-9.34,-1.66,fist
-111.05,-30.43,253,64,27,5.99,-9.51,-3.66,fist
-122.27,-30.20,253,64,27,4.70,-6.82,-4.31,fist
-137.07,3.08,253,65,28,-0.63,-7.95,-8.55,fist
-130.01,-10.94,253,65,28,1.98,-7.87,-6.60,fist
-117.48,-4.94,253,66,29,0.96,-9.91,-5.15,fist
-115.17,-6.62,254,67,30,0.95,-7.39,-3.47,fist
-113.14,-40.34,253,67,30,5.23,-5.66,-2.42,fist
-111.20,-40.88,253,68,31,5.55,-5.98,-2.32,fist
-98.22,-22.71,253,68,30,2.28,-5.38,-0.78,fist
-72.11,-23.56,253,68,30,3.60,-7.86,2.54,fist
-75.25,-10.83,255,71,29,2.27,-11.49,3.03,fist
-95.09,-0.05,252,67,30,0.02,-22.22,-1.98,fist
-80.52,17.76,253,68,31,-3.50,-10.77,1.80,fist
-78.94,0.84,253,70,32,-0.17,-11.09,2.17,fist
-79.46,17.71,253,71,33,-2.95,-9.09,1.69,fist
-88.69,10.83,253,71,34,-1.67,-8.71,0.20,fist
-86.36,-8.40,255,71,34,1.42,-9.58,0.61,fist
-72.52,9.47,253,71,35,-1.35,-7.73,2.43,fist
-64.73,8.03,253,71,35,-1.29,-8.26,3.90,fist
-66.65,7.78,253,71,36,-1.21,-8.14,3.51,fist
-68.89,3.18,253,71,36,-0.53,-8.92,3.44,fist
-70.58,0.71,255,72,36,-0.13,-10.19,3.59,fist
-68.14,-1.82,254,73,36,0.34,-9.80,3.93,fist
-66.75,-7.62,253,72,36,1.25,-8.62,3.70,fist
-80.34,-12.95,253,72,37,2.06,-8.82,1.50,fist
-101.07,-15.43,253,72,37,2.64,-9.38,-1.84,fist
-102.77,-14.32,253,72,37,2.51,-9.57,-2.17,fist
-102.80,-10.73,253,72,37,1.76,-9.06,-2.06,fist
-105.91,-13.47,253,71,35,2.66,-10.70,-3.05,fist
-115.61,-12.22,253,72,36,1.93,-8.02,-3.85,fist
-111.06,-7.85,253,73,38,1.17,-7.93,-3.05,fist
-99.11,-9.28,253,73,38,1.56,-9.45,-1.52,fist
-97.52,-11.22,253,74,38,1.99,-9.94,-1.31,fist
-97.15,-6.80,253,74,38,1.17,-9.76,-1.22,fist
-98.21,-7.20,253,73,38,1.24,-9.70,-1.40,fist
-98.36,-6.15,249,74,38,1.08,-9.95,-1.46,fist
-95.12,-4.23,253,74,39,0.74,-9.94,-0.89,fist
-96.04,-2.20,253,74,38,0.40,-10.36,-1.10,fist
-96.77,-2.23,251,74,38,0.40,-10.33,-1.23,fist
-97.93,-0.15,253,74,37,0.03,-10.83,-1.51,fist
-104.13,1.08,253,73,37,-0.21,-10.70,-2.69,fist
-116.92,10.00,250,71,35,-2.34,-11.82,-6.00,fist
-104.81,-6.11,253,68,31,1.50,-13.58,-3.59,fist
-153.41,-25.51,253,67,27,7.80,-7.31,-14.61,fist
-130.21,17.34,253,67,29,-1.30,-3.17,-2.68,fist
158.61,14.24,253,66,29,-0.55,0.79,-2.01,fist
-148.11,15.88,253,61,29,-2.31,-4.28,-6.88,fist
-159.49,30.72,253,59,28,-6.72,-3.96,-10.60,fist
-158.96,24.65,253,59,28,-3.97,-3.11,-8.08,fist
161.40,-20.48,253,58,26,1.57,1.34,-3.99,fist
-156.81,-44.90,253,58,26,3.82,-1.51,-3.53,fist
-114.62,-33.76,253,59,26,3.86,-5.26,-2.41,fist
-88.85,-30.04,255,59,26,5.65,-9.76,0.20,fist
-83.19,-19.38,255,59,26,4.38,-12.36,1.48,fist
-84.90,-4.44,253,59,26,1.30,-16.69,1.49,fist
-85.75,3.81,253,59,26,-1.22,-18.23,1.36,fist
-87.03,8.97,255,59,26,-3.01,-19.03,0.99,fist
-81.19,16.16,253,59,27,-4.88,-16.66,2.58,fist
-77.28,14.99,253,60,27,-3.89,-14.16,3.20,fist
-76.59,26.35,253,63,29,-4.06,-7.97,1.90,fist
-124.53,6.51,252,66,31,-0.28,-1.99,-1.37,fist
174.77,82.10,253,67,31,-2.65,0.03,-0.37,fist
139.79,-34.11,253,68,31,2.91,2.77,-3.28,fist
-105.87,-78.31,252,67,30,3.60,-0.72,-0.20,fist
16.15,-60.22,253,62,28,5.77,0.92,3.17,fist
-19.11,-52.52,253,63,28,8.24,-2.07,5.97,fist
-72.94,-32.15,255,66,31,10.69,-16.27,4.99,fist
-63.31,-28.85,253,75,35,8.40,-13.62,6.85,fist
-57.66,-34.27,253,74,31,7.01,-8.69,5.50,fist
-54.93,-42.13,251,73,30,7.63,-6.90,4.85,fist
-56.20,-39.81,254,73,28,7.06,-7.04,4.71,fist
-59.70,-12.29,253,69,28,2.92,-11.57,6.76,fist
-59.02,-3.96,253,73,28,1.12,-13.92,8.36,fist
-58.07,-23.29,253,74,29,5.60,-11.04,6.88,fist
-25.50,-48.09,253,75,30,5.58,-2.15,4.52,fist
60.95,-61.00,254,75,30,5.58,2.70,1.50,fist
47.92,-67.47,252,75,31,5.69,1.75,1.58,fist
-50.81,-52.22,253,75,32,7.84,-4.71,3.84,fist
-48.52,-53.48,253,74,29,9.54,-5.29,4.68,fist
-58.67,-36.82,253,74,29,8.79,-10.03,6.10,fist
-57.09,-25.25,253,76,30,7.37,-13.13,8.49,fist
-55.87,-23.17,245,76,30,8.06,-15.58,10.56,fist
-56.07,-17.43,253,77,30,6.37,-16.84,11.33,fist
-54.23,-13.77,253,77,31,3.42,-11.32,8.15,fist
-58.09,-0.38,253,78,32,0.08,-9.81,6.11,fist
-72.32,18.41,253,78,32,-3.39,-9.71,3.09,fist
-69.42,39.11,253,78,32,-4.31,-4.97,1.87,fist
-101.43,-34.98,253,78,31,2.32,-3.26,-0.66,fist
-112.46,-37.83,253,78,32,3.78,-4.49,-1.86,fist
-114.13,-54.62,253,79,32,8.53,-5.53,-2.48,fist
-109.01,-39.25,253,79,33,5.26,-6.09,-2.10,fist
-92.55,-41.19,253,80,33,7.12,-8.13,-0.36,fist
-53.97,-37.80,253,80,33,7.97,-8.31,6.04,fist
-51.23,-35.72,253,80,33,7.26,-7.88,6.33,fist
-80.21,-45.12,253,79,31,12.53,-12.30,2.12,fist
-82.02,-46.60,252,76,30,13.76,-12.89,1.81,fist
-68.65,-47.61,253,75,29,13.00,-11.05,4.32,fist
-61.26,-49.57,253,72,28,10.82,-8.09,4.43,fist
-63.83,-41.11,253,71,28,8.13,-8.36,4.11,fist
-68.48,-42.58,253,69,28,6.90,-6.98,2.75,fist
-56.10,-34.38,253,71,28,4.19,-5.08,3.41,fist
-43.49,2.36,253,74,29,-0.23,-3.84,4.05,fist
-66.50,30.60,253,74,29,-3.83,-5.94,2.58,fist
-87.91,39.25,253,74,29,-10.64,-13.02,0.47,fist
-100.64,46.13,253,69,29,-16.02,-15.13,-2.84,fist
-95.19,44.02,255,67,29,-10.48,-10.80,-0.98,fist
-89.98,35.80,253,68,29,-5.82,-8.07,0.00,fist
-100.99,-5.34,253,68,30,0.37,-3.85,-0.75,fist
-113.06,-18.52,253,66,30,1.78,-4.89,-2.08,fist
-118.70,-21.51,253,68,30,2.27,-5.05,-2.76,fist
-81.42,-24.77,251,68,30,4.26,-9.13,1.38,fist
-75.46,-31.90,253,61,29,8.98,-13.97,3.62,fist
-61.66,-29.48,253,61,29,6.29,-9.80,5.29,fist
-76.62,-31.87,253,60,29,4.45,-6.96,1.66,fist
-96.60,-18.92,253,60,30,2.19,-6.35,-0.74,fist
-118.97,3.65,253,60,30,-0.33,-4.53,-2.51,fist
-135.70,29.34,253,59,33,-3.26,-4.05,-4.15,fist
-161.40,44.60,253,59,33,-6.67,-2.16,-6.41,fist
-151.65,45.08,253,58,36,-6.93,-3.28,-6.08,fist
-120.72,15.65,253,58,34,-2.43,-7.45,-4.43,fist
-103.03,5.04,253,57,38,-1.02,-11.33,-2.62,fist
-103.62,-12.17,253,58,36,2.14,-9.64,-2.33,fist
-84.63,-17.05,253,59,38,2.33,-7.57,0.71,fist
-70.59,-21.11,253,59,38,3.24,-7.91,2.79,fist
-71.23,-8.88,253,63,31,1.96,-11.89,4.04,fist
-75.88,-17.64,254,68,29,5.13,-15.64,3.93,fist
-68.22,-13.92,255,70,26,3.59,-13.44,5.37,fist
-71.35,-16.64,253,73,25,2.83,-8.97,3.03,fist
-65.99,-15.47,253,73,25,1.43,-4.71,2.10,fist
-96.55,-12.87,253,73,25,1.56,-6.78,-0.78,fist
-93.81,6.62,253,73,26,-0.64,-5.50,-0.37,fist
-109.91,20.75,253,74,25,-2.49,-6.19,-2.24,fist
-64.08,-21.24,253,86,31,5.13,-11.86,5.77,fist
-61.25,-23.03,253,87,32,5.58,-11.51,6.32,fist
-51.29,-23.71,252,84,34,5.83,-10.35,8.30,fist
-48.04,-18.34,253,89,38,4.21,-9.45,8.50,fist
-42.35,-11.55,253,89,38,2.08,-6.86,7.53,fist
-51.25,-15.94,253,87,35,2.25,-6.14,4.93,fist
-62.57,-9.57,253,89,38,1.01,-5.29,2.75,fist
-63.93,8.47,250,89,40,-1.97,-11.90,5.82,fist
-53.52,-24.09,252,89,41,4.77,-8.59,6.35,fist
-50.80,-34.35,253,89,41,6.27,-7.10,5.79,fist
-24.90,-26.53,253,89,42,3.76,-3.17,6.83,fist
-20.25,-27.68,253,89,43,4.53,-2.99,8.09,fist
-39.09,-28.87,248,90,44,5.84,-6.68,8.22,fist
-39.32,-36.07,253,89,42,6.99,-6.08,7.42,fist
-59.36,-38.84,253,89,41,8.83,-9.43,5.59,fist
-55.94,-42.64,253,89,42,9.99,-8.99,6.08,fist
-42.04,-39.01,247,89,43,8.92,-7.37,8.18,fist
-41.69,-36.29,253,89,43,8.57,-7.76,8.72,fist
-48.55,-40.02,251,89,43,8.36,-7.46,6.59,fist
-62.61,-50.87,252,90,44,8.83,-6.38,3.30,fist
-56.06,-55.62,253,89,44,7.75,-4.40,2.96,fist
-101.98,-45.20,253,90,39,5.61,-5.45,-1.16,fist
-135.60,26.48,252,88,37,-3.98,-5.59,-5.70,fist
-148.07,35.92,253,76,34,-5.95,-4.35,-6.98,fist
-147.13,-26.35,253,87,33,3.78,-4.14,-6.41,fist
-137.99,-0.92,253,87,34,0.10,-4.30,-4.77,fist
-100.86,-48.99,253,87,34,4.85,-4.14,-0.79,fist
-78.41,-70.54,252,88,36,9.68,-3.35,0.69,fist
-45.56,-53.10,253,87,37,9.24,-4.95,4.86,fist
-52.95,-48.68,253,86,36,9.42,-6.61,4.99,fist
-33.10,-44.37,253,87,37,8.50,-4.74,7.28,fist
-38.90,-56.60,253,88,37,13.36,-5.53,6.85,fist
-54.70,-47.30,251,89,32,11.22,-8.45,5.99,fist
-49.67,-63.45,253,83,29,12.62,-4.81,4.08,fist
-42.83,-6.68,253,82,25,1.62,-9.41,10.15,fist
-39.24,-15.70,253,80,25,3.83,-8.62,10.56,fist
-56.32,-9.96,251,82,26,2.60,-12.33,8.22,fist
-69.07,-12.64,253,81,27,3.23,-13.47,5.15,fist
-71.85,-9.39,253,82,27,1.81,-10.42,3.41,fist
-67.89,-14.79,255,82,26,1.45,-5.07,2.06,fist
-37.75,-18.58,252,81,25,1.39,-2.54,3.28,fist
-45.23,-45.88,253,81,26,4.37,-3.01,2.99,fist
-46.34,-44.84,252,83,27,7.21,-5.25,5.01,fist
-39.39,-46.02,253,83,26,8.75,-5.36,6.53,fist
-35.55,-43.11,253,82,27,9.42,-5.85,8.19,fist
-42.22,-51.68,253,85,27,12.79,-6.79,7.49,fist
-61.14,-56.03,254,86,27,15.42,-9.10,5.01,fist
-57.45,-62.64,253,84,28,13.17,-5.74,3.67,fist
-40.29,-64.17,253,84,29,12.74,-3.99,4.70,fist
-28.77,-65.20,248,83,30,10.77,-2.39,4.36,fist
-77.26,-52.75,255,83,30,6.55,-4.86,1.10,fist
66.25,-81.23,253,83,29,6.51,0.92,0.40,fist
40.43,-76.70,253,83,29,5.48,0.84,0.99,fist
-84.76,-16.96,253,82,30,1.77,-5.79,0.53,fist
-59.75,-31.66,253,82,29,5.31,-7.43,4.34,fist
-73.87,-39.36,252,83,29,10.54,-12.35,3.57,fist
-90.75,-31.03,251,84,30,9.32,-15.49,-0.20,fist
-89.31,-35.66,251,83,31,6.40,-8.92,0.11,fist
-93.06,-35.50,255,85,30,5.18,-7.25,-0.39,fist
-100.24,-29.52,253,85,31,3.22,-5.59,-1.01,fist
-104.20,-36.65,252,84,31,4.23,-5.51,-1.39,fist
-57.67,-56.90,253,84,31,3.17,-1.75,1.11,fist
-38.32,-60.65,253,83,31,8.85,-3.09,3.90,fist
-26.19,-51.04,253,84,31,9.74,-3.48,7.07,fist
-43.42,-44.03,251,85,31,11.37,-8.09,8.55,fist
-41.95,-42.97,253,86,32,11.13,-7.99,8.88,fist
-59.51,-40.80,253,86,32,11.76,-11.74,6.91,fist
-57.13,-45.56,253,85,32,12.77,-10.52,6.80,fist
-43.10,-50.86,253,85,33,11.23,-6.25,6.68,fist
-38.79,-51.09,250,84,34,10.63,-5.37,6.68,fist
-41.11,-53.41,253,87,34,9.00,-4.39,5.04,fist
-63.95,-49.01,253,85,31,7.35,-5.74,2.80,fist
-27.16,-81.18,253,85,28,3.35,-0.24,0.46,fist
118.94,0.83,253,84,26,-0.02,1.15,-0.64,fist
72.63,-19.06,253,83,26,1.25,3.45,1.08,fist
-75.43,-14.43,253,83,26,2.25,-8.46,2.20,fist
-87.10,-12.02,253,84,25,3.81,-17.88,0.91,fist
-63.14,-45.36,252,82,25,13.71,-12.08,6.12,fist
-72.70,-47.83,253,81,25,20.18,-17.45,5.43,fist
-67.33,-38.46,253,84,27,11.61,-13.48,5.63,fist
-59.41,-29.81,253,85,29,6.40,-9.62,5.69,fist
-41.08,-21.64,253,86,30,1.46,-2.42,2.78,fist
105.99,33.16,253,85,29,-1.35,1.98,-0.57,fist
86.25,83.08,252,84,29,-5.74,0.69,0.05,fist
-39.88,14.21,253,85,30,-1.83,-4.63,5.54,fist
-58.62,-22.27,251,86,31,7.45,-15.52,9.47,fist
-51.85,-4.18,253,85,30,1.29,-13.90,10.92,fist
-36.77,0.65,253,80,29,-0.16,-8.59,11.49,fist
-37.22,4.64,253,79,30,-1.13,-8.38,11.04,fist
-23.19,15.14,253,83,29,-2.74,-3.99,9.32,fist
-24.91,28.37,253,84,29,-5.24,-4.09,8.80,fist
-28.25,28.07,252,83,29,-5.34,-4.74,8.83,fist
-33.36,32.71,249,83,29,-7.24,-6.20,9.42,fist
-46.17,4.08,255,83,28,-0.89,-9.01,8.65,fist
-23.35,5.99,253,83,28,-1.32,-4.98,11.52,fist
-27.69,1.42,253,84,29,-0.30,-5.66,10.78,fist
-18.19,-26.50,252,86,29,4.60,-2.88,8.77,fist
-58.65,-23.38,253,87,30,4.73,-9.35,5.69,fist
-77.91,-30.01,253,87,31,4.83,-8.18,1.75,fist
-111.76,-42.16,253,88,31,4.29,-4.40,-1.75,fist
-115.12,-49.90,253,88,32,7.32,-5.58,-2.62,fist
-98.72,-24.61,253,89,33,5.13,-11.06,-1.70,fist
-102.37,-17.26,253,89,31,2.81,-8.82,-1.93,fist
-99.46,-12.75,253,88,31,2.93,-12.75,-2.13,fist
-101.34,-41.79,253,88,33,6.86,-7.53,-1.51,fist
-113.23,-45.02,253,88,33,7.80,-7.16,-3.07,fist
-126.13,-46.61,253,88,33,4.13,-3.16,-2.30,fist
-124.75,-57.07,251,88,33,5.32,-2.83,-1.96,fist
-98.34,-41.17,253,89,34,5.56,-6.29,-0.92,fist
-81.58,-56.38,254,92,34,9.96,-6.55,0.97,fist
-68.81,-58.02,253,89,34,10.29,-5.99,2.32,fist
13.69,-73.40,251,89,34,12.69,0.90,3.68,fist
-2.72,-77.63,253,89,34,16.80,-0.17,3.68,fist
22.07,-77.22,253,89,34,15.70,1.34,3.30,fist
-20.87,-74.79,253,89,36,14.71,-1.42,3.74,fist
25.40,-71.34,253,90,35,12.30,1.78,3.75,fist
-33.06,-71.45,253,89,37,10.24,-1.87,2.88,fist
-45.56,-51.91,255,90,37,5.13,-2.87,2.81,fist
-67.06,-24.89,253,90,37,3.46,-6.86,2.90,fist
-70.56,-17.31,253,90,36,2.08,-6.30,2.22,fist
-75.62,-11.98,253,90,38,1.65,-7.54,1.93,fist
-82.31,-16.08,253,90,39,3.70,-12.71,1.72,fist
-78.05,-11.93,253,90,39,2.75,-12.74,2.70,fist
-80.94,18.65,253,90,39,-4.01,-11.72,1.87,fist
-88.79,44.84,253,90,39,-8.68,-8.73,0.18,fist
-94.09,32.59,253,90,39,-5.76,-8.98,-0.64,fist
-99.06,13.14,253,90,39,-2.63,-11.14,-1.78,fist
-104.66,9.22,253,90,40,-1.73,-10.29,-2.69,fist
-116.26,5.53,252,93,41,-0.99,-9.13,-4.50,fist
-136.62,9.20,253,92,42,-1.47,-6.25,-6.61,fist
-139.26,12.04,251,92,43,-2.25,-6.89,-8.00,fist
-134.16,10.83,253,94,43,-1.62,-6.07,-5.90,fist
-138.76,7.22,253,94,43,-1.07,-5.55,-6.33,fist
-145.70,14.24,253,95,43,-2.15,-4.78,-7.01,fist
-131.32,18.39,253,95,43,-2.93,-6.62,-5.83,fist
-135.15,11.41,255,94,44,-1.60,-5.61,-5.64,fist
-135.87,19.69,253,94,44,-2.56,-4.98,-5.13,fist
-141.27,27.38,253,94,43,-3.19,-3.85,-4.80,fist
-128.86,23.26,253,94,43,-2.83,-5.13,-4.13,fist
-118.97,20.59,253,94,42,-2.89,-6.73,-3.73,fist
-125.86,19.73,250,93,42,-2.61,-5.89,-4.26,fist
-118.43,13.58,253,94,46,-1.96,-7.13,-3.86,fist
-115.73,4.03,253,94,44,-0.52,-6.61,-3.18,fist
-92.41,7.30,248,93,42,-1.15,-8.98,-0.38,fist
-87.30,-4.87,252,83,41,1.29,-15.16,0.72,fist
-74.53,-16.38,253,92,42,3.70,-12.14,3.36,fist
-66.97,0.94,245,93,46,-0.19,-10.47,4.45,fist
-68.66,10.92,253,93,42,-1.76,-8.51,3.32,fist
-40.24,5.13,252,95,48,-0.89,-6.39,7.55,fist
-43.15,21.22,253,97,49,-3.58,-6.30,6.73,fist
-45.61,11.04,253,97,50,-1.77,-6.47,6.34,fist
-54.05,-9.33,253,97,50,1.53,-7.51,5.45,fist
-55.67,-28.58,252,96,49,4.82,-7.31,4.99,fist
-48.43,-33.79,253,96,49,4.85,-5.43,4.81,fist
-36.86,-41.90,253,96,47,6.17,-4.12,5.50,fist
-32.74,-41.63,253,95,41,6.43,-3.91,6.09,fist
-24.31,-42.67,253,92,35,6.35,-2.83,6.28,fist
-15.18,-56.57,253,90,33,8.67,-1.50,5.53,fist
-3.62,-62.74,255,87,28,10.45,-0.34,5.37,fist
13.11,-71.76,253,86,27,12.52,0.94,4.02,fist
8.65,-71.63,253,84,25,12.22,0.61,4.01,fist
-17.92,-54.56,248,81,26,9.15,-2.00,6.20,fist
14.31,-64.48,253,81,27,10.55,1.24,4.88,fist
-42.70,-30.18,253,81,28,4.10,-4.78,5.18,fist
-57.94,0.85,253,81,28,-0.15,-8.64,5.41,fist
-54.34,13.98,253,82,29,-2.43,-7.91,5.68,fist
-55.33,23.14,253,83,31,-4.36,-8.39,5.81,fist
-43.38,25.28,253,85,33,-4.55,-6.62,7.01,fist
-28.00,30.03,253,86,34,-5.10,-4.14,7.80,fist
-24.14,45.36,253,86,34,-8.12,-3.28,7.31,fist
-28.84,51.54,253,86,34,-9.85,-3.77,6.85,fist
-40.37,48.34,253,87,36,-9.92,-5.72,6.73,fist
-36.28,42.85,253,88,37,-7.39,-4.71,6.42,fist
-44.98,25.00,253,88,37,-3.99,-6.05,6.05,fist
-43.08,13.63,255,88,37,-1.86,-5.24,5.60,fist
-36.62,-0.26,254,89,37,0.04,-4.68,6.29,fist
-26.26,-13.62,253,87,38,1.72,-3.14,6.36,fist
-44.91,-18.53,253,88,38,3.11,-6.55,6.57,fist
-42.88,-16.49,253,90,38,3.02,-6.94,7.48,fist
-36.73,-16.18,253,90,40,3.04,-6.27,8.40,fist
-35.80,-14.95,252,89,42,2.72,-5.96,8.26,fist
-30.91,-12.58,253,91,43,2.25,-5.17,8.63,fist
-39.55,-20.33,253,90,43,4.00,-6.88,8.33,fist
-47.84,-18.14,253,90,43,4.09,-9.26,8.39,fist
-33.36,-11.27,250,90,44,2.18,-6.03,9.16,fist
-43.04,-8.10,253,93,43,1.93,-9.25,9.91,fist
-24.02,-14.22,253,90,43,3.23,-5.19,11.65,fist
-16.78,-13.67,253,90,42,2.75,-3.26,10.82,fist
-22.86,-6.37,253,87,38,1.06,-3.68,8.73,fist
-15.93,9.14,253,85,32,-1.29,-2.21,7.73,fist
-24.82,24.31,255,85,30,-3.53,-3.28,7.09,fist
-38.29,28.70,253,84,30,-4.71,-5.34,6.76,fist
-48.45,30.70,253,85,31,-5.42,-6.84,6.06,fist
-52.72,28.46,253,87,34,-5.44,-7.99,6.08,fist
-66.81,-29.06,253,253,253,3.57,-5.90,2.53,open
-32.04,15.85,253,253,253,-3.06,-5.71,9.12,open
-16.26,21.04,254,253,253,-3.46,-2.52,8.64,open
-27.72,8.71,253,255,253,-1.35,-4.09,7.78,open
-32.22,15.33,253,253,253,-2.55,-4.96,7.86,open
-37.64,14.61,253,253,253,-2.21,-5.17,6.71,open
-37.02,8.58,253,253,253,-1.47,-5.86,7.77,open
-38.67,7.90,248,253,253,-1.35,-6.08,7.60,open
-35.30,8.60,251,249,253,-1.38,-5.26,7.43,open
-27.47,10.93,253,253,253,-1.83,-4.36,8.39,open
-27.86,10.12,253,253,253,-1.68,-4.39,8.30,open
-29.09,11.49,253,253,253,-1.92,-4.60,8.28,open
-20.86,10.86,253,253,253,-2.01,-3.73,9.78,open
-19.31,11.09,254,253,253,-2.43,-4.10,11.70,open
-25.70,12.00,253,253,253,-2.85,-5.82,12.10,open
-20.45,10.90,253,253,253,-1.24,-2.26,6.05,open
-3.66,18.29,253,253,253,-2.70,-0.52,8.16,open
-8.47,2.73,253,255,253,-0.48,-1.48,9.96,open
-29.72,1.60,254,246,253,-0.29,-5.14,9.00,open
-29.44,6.07,252,252,253,-1.03,-4.78,8.47,open
-34.14,-0.24,253,253,253,0.04,-5.19,7.65,open
-21.78,-0.31,253,253,253,0.05,-3.29,8.25,open
-23.97,1.39,253,253,253,-0.19,-3.13,7.04,open
-21.67,4.87,252,252,253,-0.75,-3.24,8.15,open
-18.11,1.17,252,254,253,-0.18,-2.77,8.45,open
-20.82,-5.70,253,253,253,0.93,-3.30,8.67,open
-24.65,-6.63,253,253,253,1.14,-4.11,8.95,open
-19.52,-6.31,253,253,254,1.05,-3.16,8.91,open
-20.66,-3.49,241,253,253,0.58,-3.38,8.96,open
-31.04,-2.91,253,252,252,0.58,-5.86,9.73,open
-52.26,-0.25,252,255,253,0.05,-8.34,6.45,open
-47.01,-1.88,253,253,254,0.28,-6.36,5.93,open
-58.15,-5.19,253,249,253,0.69,-6.47,4.02,open
-34.72,-3.55,253,253,253,0.43,-3.96,5.71,open
-30.45,-11.35,253,253,253,1.75,-4.43,7.53,open
-37.40,-10.28,253,250,253,1.68,-5.63,7.36,open
-44.61,-1.10,253,253,253,0.20,-7.38,7.48,open
-35.04,-9.44,255,253,253,1.80,-6.23,8.88,open
-37.12,-7.20,253,253,253,1.52,-7.25,9.58,open
-38.16,-10.14,251,253,253,1.79,-6.20,7.88,open
-40.66,-5.51,253,255,253,0.94,-6.32,7.35,open
-25.39,3.40,253,253,253,-0.67,-4.82,10.16,open
-5.76,4.73,253,253,253,-0.74,-0.89,8.83,open
-17.10,6.56,253,253,253,-1.06,-2.72,8.83,open
-16.86,3.38,253,253,252,-0.52,-2.57,8.47,open
-30.53,11.55,253,253,253,-1.69,-4.20,7.12,open
-25.69,10.18,253,253,253,-1.42,-3.42,7.11,open
-26.03,3.13,253,253,253,-0.47,-3.75,7.68,open
-43.42,-0.01,252,255,253,0.00,-6.77,7.15,open
-37.50,-0.27,253,253,253,0.05,-6.08,7.92,open
-39.02,0.71,253,253,253,-0.14,-7.14,8.81,open
-29.09,0.76,252,253,253,-0.17,-6.16,11.06,open
-25.28,-4.31,253,252,250,0.91,-5.17,10.95,open
-24.21,-0.72,254,255,253,0.15,-4.94,11.00,open
-14.38,5.02,252,252,253,-0.84,-2.38,9.30,open
-26.61,8.46,253,253,253,-1.14,-3.42,6.84,open
-32.61,13.29,253,253,253,-1.97,-4.50,7.03,open
-32.15,9.49,253,255,253,-1.45,-4.63,7.36,open
-30.88,7.42,253,253,253,-1.26,-4.97,8.32,open
-30.85,-2.94,253,253,247,0.56,-5.60,9.37,open
-32.65,-6.73,253,253,253,1.28,-5.86,9.14,open
-29.56,-11.24,253,252,253,2.06,-5.11,9.01,open
-31.11,-13.26,253,252,255,2.40,-5.26,8.72,open
-36.35,-9.76,253,253,253,1.80,-6.20,8.43,open
-40.10,-5.36,253,253,253,0.99,-6.82,8.10,open
-38.98,-5.42,253,253,253,1.03,-6.85,8.46,open
-43.11,-2.44,253,253,253,0.49,-7.88,8.42,open
-46.43,-14.90,253,250,253,3.14,-8.55,8.14,open
-47.52,-25.53,253,253,253,5.53,-8.53,7.81,open
-53.31,-34.93,253,253,253,6.95,-7.98,5.95,open
-62.10,-35.86,253,252,255,6.39,-7.81,4.13,open
-75.57,-39.11,253,253,253,7.28,-8.67,2.23,open
-83.66,-52.03,253,253,253,8.48,-6.57,0.73,open
-92.18,-46.36,253,253,253,7.54,-7.18,-0.27,open
-113.48,-42.71,253,252,254,4.83,-4.80,-2.08,open
-148.66,-3.90,253,253,253,0.34,-2.61,-4.29,open
-176.66,14.50,251,250,253,-1.26,-0.28,-4.88,open
-159.30,-7.11,253,253,253,0.70,-1.99,-5.28,open
-132.26,-24.15,253,253,253,3.18,-5.25,-4.77,open
-125.57,-34.52,253,253,253,6.11,-7.23,-5.17,open
-121.30,-31.44,251,253,253,6.83,-9.55,-5.81,open
-121.57,-26.41,252,253,252,4.75,-8.15,-5.01,open
-114.28,-26.82,253,253,253,5.49,-9.90,-4.47,open
-114.60,-27.73,252,255,253,4.88,-8.44,-3.87,open
-114.45,-28.56,255,252,253,4.73,-7.91,-3.60,open
-114.35,-25.20,253,253,253,4.16,-8.05,-3.64,open
-111.28,-20.07,255,253,253,2.90,-7.39,-2.88,open
-108.30,-27.65,253,251,253,2.35,-4.26,-1.41,open
-69.26,-34.30,253,249,252,2.75,-3.77,1.43,open
-58.21,-6.94,253,253,254,1.35,-9.41,5.83,open
-58.77,-4.65,255,253,253,0.86,-9.07,5.50,open
-65.18,2.16,253,253,253,-0.50,-12.12,5.61,open
-47.63,7.18,253,253,253,-1.42,-8.36,7.62,open
-54.97,10.98,254,254,253,-2.13,-9.00,6.31,open
-58.19,3.27,253,253,253,-0.71,-10.62,6.59,open
-55.19,4.60,244,253,253,-0.94,-9.57,6.65,open
-48.93,2.55,253,253,253,-0.39,-6.57,5.73,open
-51.07,3.10,253,253,253,-0.48,-6.87,5.55,open
-47.04,2.51,255,253,253,-0.37,-6.23,5.80,open
-47.57,7.40,253,253,253,-1.13,-6.40,5.85,open
-53.03,10.28,253,253,253,-1.73,-7.63,5.74,open
-53.30,12.23,253,253,253,-2.16,-7.98,5.95,open
-50.78,10.08,253,253,253,-1.67,-7.29,5.95,open
-49.49,11.09,253,253,253,-1.81,-7.03,6.01,open
-56.02,1.43,253,253,253,-0.28,-9.13,6.15,open
-61.46,-11.17,253,253,253,2.41,-10.73,5.83,open
-45.20,-0.73,253,253,253,0.14,-7.76,7.71,open
-49.23,7.68,255,253,252,-1.48,-8.33,7.19,open
-63.13,9.76,253,253,253,-2.56,-13.29,6.73,open
-61.22,23.53,253,253,251,-4.57,-9.20,5.05,open
-54.61,52.67,250,253,253,-6.81,-4.23,3.01,open
-77.97,55.35,253,253,253,-8.28,-5.60,1.19,open
-49.69,69.26,253,253,254,-8.26,-2.38,2.02,open
-62.55,53.77,253,253,253,-5.85,-3.80,1.98,open
-67.33,27.74,253,253,253,-4.10,-7.19,3.00,open
-66.68,18.85,251,253,253,-2.88,-7.75,3.34,open
-77.12,11.87,253,255,253,-2.12,-9.82,2.25,open
-75.23,13.78,253,251,253,-2.29,-9.02,2.38,open
-75.52,13.53,253,253,253,-2.48,-9.97,2.57,open
-73.32,15.11,252,252,253,-2.75,-9.76,2.92,open
-74.36,15.59,253,253,253,-2.98,-10.28,2.88,open
-73.71,20.89,253,253,253,-4.02,-10.10,2.95,open
-63.75,28.95,253,253,253,-5.28,-8.55,4.22,open
-67.05,33.71,253,253,253,-6.38,-8.81,3.73,open
-67.77,40.55,253,253,253,-7.86,-8.50,3.47,open
-68.33,41.76,253,253,253,-7.65,-7.96,3.16,open
-67.39,43.95,252,246,253,-6.61,-6.33,2.64,open
-62.24,40.53,253,253,253,-5.38,-5.57,2.93,open
-60.97,27.63,253,253,253,-3.66,-6.11,3.39,open
-61.80,25.04,253,253,253,-3.51,-6.62,3.55,open
-64.13,23.40,253,253,252,-3.37,-7.00,3.39,open
-66.04,21.38,253,253,253,-3.59,-8.39,3.73,open
-67.35,13.61,252,254,253,-2.33,-8.89,3.71,open
-72.12,0.53,253,253,253,-0.11,-11.40,3.68,open
-62.36,13.96,253,252,251,-2.77,-9.87,5.17,open
-47.59,21.44,253,253,253,-2.98,-5.61,5.12,open
-52.37,17.02,253,253,253,-3.88,-10.04,7.74,open
-38.33,14.65,250,253,253,-2.72,-6.46,8.17,open
-34.33,16.71,253,253,253,-2.77,-5.20,7.62,open
-29.80,19.62,255,253,253,-2.92,-4.07,7.10,open
-23.72,17.09,252,254,253,-2.82,-3.69,8.40,open
-24.48,4.36,253,253,253,-0.77,-4.20,9.22,open
-27.65,-2.53,253,253,253,0.53,-5.59,10.66,open
-34.03,-8.61,253,252,253,1.81,-6.70,9.93,open
-35.21,-10.88,250,253,253,2.08,-6.25,8.85,open
-39.69,-8.77,253,253,253,1.52,-6.28,7.57,open
-38.92,-1.91,253,253,253,0.33,-6.17,7.64,open
-40.02,-5.52,254,253,253,0.96,-6.39,7.61,open
-35.71,-5.94,253,253,250,1.13,-6.37,8.86,open
-35.90,-14.60,247,253,253,3.31,-7.46,10.30,open
-23.13,-15.83,253,253,253,3.87,-5.36,12.55,open
-34.67,-13.95,253,253,253,3.28,-7.50,10.84,open
-32.69,-8.36,253,253,253,1.53,-5.63,8.77,open
-39.04,4.05,251,255,253,-0.67,-5.96,7.35,open
-35.09,33.49,253,253,253,-5.64,-4.90,6.97,open
-37.78,51.65,252,252,253,-7.06,-3.42,4.42,open
-58.23,42.29,253,253,253,-6.40,-5.99,3.71,open
-44.82,40.12,252,254,253,-5.44,-4.55,4.58,open
-53.68,21.92,253,253,253,-3.96,-7.93,5.83,open
-56.15,13.20,253,253,253,-2.34,-8.28,5.55,open
-60.34,3.87,251,249,253,-0.71,-9.16,5.22,open
-70.89,-1.14,253,253,253,0.23,-11.16,3.87,open
-79.16,-0.42,252,253,253,0.10,-12.97,2.49,open
-77.18,8.14,253,253,253,-1.77,-12.04,2.74,open
-73.37,12.84,253,253,254,-2.89,-12.16,3.63,open
-67.56,14.17,252,255,253,-2.97,-10.87,4.49,open
-65.71,12.14,253,253,253,-2.25,-9.53,4.30,open
-63.45,5.97,253,253,253,-0.90,-7.69,3.85,open
-105.79,24.18,253,252,251,-3.20,-6.85,-1.94,open
-116.64,42.19,253,253,252,-5.05,-4.98,-2.50,open
-119.91,31.79,253,253,255,-3.61,-5.05,-2.90,open
-112.23,28.95,253,253,255,-3.81,-6.37,-2.60,open
-108.79,20.76,254,255,253,-3.56,-8.88,-3.02,open
-103.78,19.58,253,253,253,-2.46,-6.71,-1.64,open
-97.11,4.48,253,253,253,-0.71,-9.04,-1.13,open
-96.32,-15.64,253,253,249,3.50,-12.43,-1.38,open
-101.78,-20.90,253,253,253,5.13,-13.16,-2.74,open
-103.22,-18.63,253,253,253,4.68,-13.50,-3.17,open
-103.56,-17.08,253,253,253,3.80,-12.01,-2.90,open
-106.54,-12.31,253,253,253,2.39,-10.49,-3.11,open
-116.17,-8.06,253,253,255,1.35,-8.55,-4.20,open
-135.21,2.96,254,253,253,-0.40,-5.48,-5.52,open
-139.55,10.29,255,252,252,-1.73,-6.18,-7.25,open
-157.59,14.82,253,253,253,-1.94,-2.79,-6.78,open
-165.84,17.45,253,253,253,-2.28,-1.77,-7.02,open
177.92,41.61,253,253,253,-4.93,0.20,-5.55,open
144.12,51.19,253,253,255,-8.42,3.97,-5.49,open
132.56,54.03,251,253,253,-11.54,6.17,-5.66,open
140.12,48.42,251,253,253,-8.17,4.65,-5.56,open
139.42,37.50,253,253,251,-6.17,5.23,-6.10,open
138.16,31.18,253,252,247,-5.10,5.62,-6.28,open
151.12,29.68,255,253,253,-4.61,3.91,-7.09,open
147.30,26.09,253,251,250,-3.63,4.01,-6.25,open
156.26,-2.25,255,253,251,0.30,3.04,-6.91,open
163.51,-17.07,253,253,252,2.18,2.01,-6.79,open
-18.14,-84.46,254,253,253,10.71,-0.32,0.99,open
15.13,-79.04,253,254,253,10.56,0.53,1.98,open
-1.64,-81.31,255,253,251,10.96,-0.05,1.67,open
20.79,-76.12,249,253,253,11.33,0.99,2.62,open
13.24,-70.50,253,253,253,9.51,0.77,3.28,open
17.25,-72.46,253,253,253,15.53,1.46,4.69,open
36.42,-72.27,253,253,253,13.73,2.61,3.53,open
42.67,-70.63,253,253,253,12.79,3.05,3.31,open
49.33,-65.82,253,255,253,11.79,4.02,3.45,open
53.73,-64.39,254,253,253,10.64,4.11,3.02,open
67.21,-68.60,253,253,253,10.55,3.81,1.60,open
82.81,-60.39,253,253,253,8.78,4.95,0.62,open
160.72,-71.22,253,253,253,5.71,0.64,-1.83,open
169.31,-64.64,253,253,254,7.43,0.65,-3.46,open
-145.91,-27.90,253,253,253,4.08,-4.32,-6.38,open
-167.83,-24.79,253,253,253,2.35,-1.07,-4.98,open
-159.23,-48.29,253,253,254,4.45,-1.41,-3.71,open
-106.60,-57.04,254,255,253,8.18,-5.08,-1.52,open
-81.16,-80.28,253,253,253,10.10,-1.71,0.27,open
-81.78,-60.23,253,252,254,9.43,-5.34,0.77,open
-63.92,-52.05,253,252,252,8.10,-5.67,2.78,open
-78.04,-30.27,253,253,253,7.01,-11.76,2.49,open
-76.29,-23.99,253,255,253,5.94,-12.98,3.17,open
-67.88,-13.03,253,253,253,2.78,-11.11,4.52,open
-77.17,7.75,254,253,253,-1.60,-11.43,2.60,open
-81.71,12.20,252,251,253,-2.67,-12.22,1.78,open
-84.30,26.71,253,253,253,-5.35,-10.58,1.06,open
-87.92,38.84,253,253,253,-7.71,-9.57,0.35,open
-123.20,67.99,253,253,253,-7.09,-2.40,-1.57,open
-105.53,50.49,254,253,253,-7.42,-5.89,-1.64,open
-98.84,51.58,253,253,253,-7.33,-5.74,-0.89,open
-95.69,40.20,253,253,253,-6.18,-7.28,-0.73,open
-93.31,21.82,253,253,254,-3.68,-9.19,-0.53,open
-99.25,21.31,252,253,253,-4.19,-10.60,-1.73,open
-100.58,30.38,251,253,253,-4.75,-7.96,-1.49,open
-95.33,42.25,253,253,252,-5.71,-6.26,-0.58,open
-85.91,27.23,253,253,253,-4.25,-8.24,0.59,open
-86.17,12.06,253,252,251,-1.83,-8.55,0.57,open
-92.90,13.32,253,253,253,-2.25,-9.50,-0.48,open
-88.63,18.20,253,253,253,-3.58,-10.89,0.26,open
-90.70,21.72,253,253,253,-3.52,-8.83,-0.11,open
-87.39,8.73,253,253,253,-1.53,-9.97,0.45,open
-81.16,3.32,253,254,253,-0.54,-9.27,1.44,open
-78.34,-18.58,253,252,253,4.38,-12.77,2.64,open
-86.22,-14.44,253,253,253,3.24,-12.55,0.83,open
-73.88,-8.72,253,253,250,1.93,-12.11,3.50,open
-69.43,-0.79,253,253,253,0.20,-13.63,5.12,open
-67.16,6.06,252,253,253,-1.20,-10.42,4.39,open
-81.04,26.45,255,252,253,-3.44,-6.84,1.08,open
-105.69,64.21,246,253,253,-9.64,-4.48,-1.26,open
-101.43,62.71,253,253,253,-6.34,-3.21,-0.65,open
-81.13,50.49,253,253,253,-4.63,-3.77,0.59,open
-76.10,4.62,253,253,253,-0.18,-2.16,0.53,open
-76.26,11.45,253,252,255,-1.07,-5.11,1.25,open
-57.61,5.43,253,252,254,-0.68,-6.06,3.84,open
-71.28,-0.12,253,253,253,0.03,-13.35,4.52,open
-65.51,-4.58,253,253,253,1.08,-12.33,5.62,open
-53.12,-5.08,253,253,253,1.15,-10.35,7.76,open
-49.91,-16.71,250,253,253,3.94,-10.04,8.45,open
-43.12,-13.85,251,248,253,3.19,-8.83,9.44,open
-34.91,-20.58,251,253,253,3.99,-6.08,8.71,open
-38.27,-18.51,253,253,254,3.61,-6.68,8.47,open
-34.72,-24.21,253,253,253,4.88,-6.18,8.92,open
-31.72,-26.06,253,253,254,5.09,-5.48,8.86,open
-29.41,-17.45,253,253,253,3.72,-5.81,10.31,open
-15.58,-13.99,253,253,253,2.90,-3.12,11.20,open
-14.64,-13.34,253,253,253,3.22,-3.43,13.15,open
-11.03,-13.35,253,253,253,2.35,-1.90,9.73,open
-39.77,-20.98,253,253,253,3.70,-6.18,7.42,open
-29.47,-7.77,253,253,253,1.20,-4.34,7.68,open
-32.44,6.59,253,253,253,-1.00,-4.64,7.30,open
-25.23,15.74,253,253,253,-2.47,-3.73,7.91,open
-26.27,15.98,253,253,254,-2.47,-3.81,7.72,open
-34.26,17.91,252,254,253,-3.24,-5.65,8.30,open
-43.22,15.66,253,253,253,-3.23,-7.89,8.39,open
-46.27,-2.42,253,253,253,0.50,-8.46,8.09,open
-54.35,-10.06,253,253,253,2.21,-10.10,7.24,open
-47.43,-18.36,253,253,253,3.45,-7.65,7.03,open
-55.32,-19.97,253,253,253,3.42,-7.73,5.35,open
-57.00,-25.03,255,255,253,4.16,-7.47,4.85,open
-63.26,-24.12,253,255,253,4.16,-8.30,4.18,open
-62.35,-24.30,253,253,253,4.23,-8.30,4.35,open
-64.76,-21.19,250,253,253,3.82,-8.92,4.21,open
-65.77,-15.35,253,253,253,3.12,-10.36,4.66,open
-55.03,-14.74,253,253,253,2.46,-7.65,5.35,open
-73.04,-15.31,253,253,253,2.81,-9.83,3.00,open
-74.67,-18.22,253,252,255,3.42,-10.03,2.75,open
-80.30,-29.18,253,253,254,5.29,-9.34,1.60,open
-76.27,-23.12,253,253,253,3.82,-8.69,2.12,open
-86.57,-16.61,253,253,253,2.15,-7.19,0.43,open
-101.32,-22.36,253,253,253,3.40,-8.11,-1.62,open
-101.17,-26.08,253,253,254,4.38,-8.78,-1.73,open
-100.61,-28.79,255,253,253,4.30,-7.69,-1.44,open
-103.17,-21.85,253,253,253,3.23,-7.86,-1.84,open
-105.05,-21.19,253,253,253,3.39,-8.46,-2.27,open
-102.71,-21.19,253,253,253,3.28,-8.26,-1.86,open
-105.87,-17.90,253,253,253,2.42,-7.19,-2.04,open
-109.06,-7.66,253,253,253,0.87,-6.12,-2.12,open
-102.97,-4.30,253,254,255,0.50,-6.52,-1.50,open
-95.83,-16.00,253,253,253,1.82,-6.33,-0.65,open
-84.18,-13.35,253,253,253,1.92,-8.04,0.82,open
-80.50,-15.00,252,252,253,2.59,-9.52,1.59,open
-75.03,-13.64,253,253,253,2.58,-10.28,2.75,open
-68.14,-17.63,252,252,253,3.52,-10.27,4.12,open
-62.92,-18.68,253,253,253,3.14,-8.26,4.23,open
-64.73,-12.37,253,253,253,2.36,-9.72,4.59,open
-68.79,-7.23,252,254,253,1.61,-11.80,4.58,open
-66.32,-4.15,253,253,253,0.96,-12.19,5.35,open
-57.62,-3.70,251,253,253,0.80,-10.45,6.63,open
-61.25,10.62,250,248,253,-2.66,-12.43,6.82,open
-50.40,37.71,253,254,253,-7.36,-7.34,6.07,open
-52.63,45.45,253,253,253,-8.07,-6.32,4.82,open
-68.29,44.40,255,253,253,-6.55,-6.21,2.47,open
-79.45,12.26,253,250,253,-2.15,-9.73,1.81,open
-76.09,12.96,253,253,253,-2.44,-10.28,2.55,open
-53.35,25.84,252,253,253,-2.96,-4.90,3.64,open
-70.23,24.10,250,253,253,-4.13,-8.68,3.12,open
-78.82,22.05,253,253,253,-4.89,-11.83,2.34,open
-84.44,11.74,253,253,253,-2.86,-13.70,1.33,open
-81.46,12.65,253,252,252,-2.83,-12.48,1.87,open
-75.09,10.86,253,253,253,-2.28,-11.48,3.06,open
-73.49,15.30,253,253,253,-2.73,-9.57,2.84,open
-72.88,21.98,253,252,253,-3.36,-7.95,2.45,open
-77.25,29.97,253,253,253,-4.30,-7.28,1.65,open
-82.69,37.29,253,254,253,-5.16,-6.72,0.86,open
-85.62,41.36,251,255,253,-5.98,-6.78,0.52,open
-90.10,47.51,253,253,254,-7.46,-6.83,-0.01,open
-94.52,49.95,253,253,253,-7.87,-6.60,-0.52,open
-99.99,49.95,252,254,253,-7.62,-6.30,-1.11,open
-101.96,47.56,253,253,253,-7.37,-6.59,-1.40,open
-106.54,53.77,253,253,253,-7.47,-5.25,-1.56,open
-104.67,59.73,253,253,253,-8.25,-4.66,-1.22,open
-97.22,55.22,253,253,253,-7.24,-4.99,-0.63,open
-81.66,51.49,253,253,253,-5.71,-4.49,0.66,open
-78.32,36.28,255,253,252,-4.27,-5.70,1.18,open
-72.60,22.50,253,253,253,-4.00,-9.22,2.89,open
-64.53,18.47,245,253,253,-3.24,-8.76,4.17,open
-71.62,22.02,253,253,253,-3.38,-7.93,2.63,open
-71.86,26.03,253,253,253,-4.29,-8.34,2.73,open
-68.11,24.70,253,253,253,-4.49,-9.06,3.64,open
-73.44,16.67,253,252,252,-3.74,-11.99,3.56,open
-74.78,15.87,253,253,253,-4.10,-13.92,3.79,open
-72.43,25.30,253,252,252,-5.18,-10.45,3.31,open
-74.81,28.65,253,253,253,-4.95,-8.75,2.38,open
-78.26,43.42,254,255,253,-5.59,-5.78,1.20,open
-89.81,53.33,253,253,253,-5.81,-4.33,0.01,open
-86.51,38.83,253,253,253,-5.83,-7.23,0.44,open
-90.36,45.50,253,253,253,-6.12,-6.02,-0.04,open
-90.84,46.44,253,253,253,-6.89,-6.55,-0.10,open
-90.56,46.42,253,253,255,-7.24,-6.89,-0.07,open
-91.03,51.08,253,253,253,-7.95,-6.42,-0.11,open
-89.31,56.79,255,253,252,-8.86,-5.80,0.07,open
-79.18,67.06,248,253,253,-8.35,-3.47,0.66,open
-77.11,38.43,244,253,253,-6.04,-7.41,1.70,open
-70.05,30.29,254,253,253,-4.70,-7.56,2.74,open
-57.90,20.58,253,253,253,-2.47,-5.58,3.50,open
-55.35,-5.09,253,253,253,0.81,-7.46,5.15,open
-54.36,-22.54,253,253,253,3.89,-7.62,5.47,open
-50.89,-22.24,253,253,248,4.00,-7.60,6.18,open
-48.28,-21.16,253,253,254,4.21,-8.12,7.24,open
-43.99,-19.77,253,253,253,3.91,-7.56,7.83,open
-50.72,-21.82,252,254,253,4.75,-9.17,7.50,open
-52.11,-28.70,253,253,253,6.68,-9.63,7.50,open
-49.77,-28.40,253,253,253,6.58,-9.28,7.86,open
-44.43,-30.41,253,253,253,6.73,-8.03,8.19,open
-40.51,-31.89,253,253,253,6.17,-6.44,7.54,open
-42.18,-32.23,253,254,253,4.74,-5.04,5.57,open
-48.77,-29.12,253,253,253,3.01,-4.06,3.56,open
-62.66,-32.56,253,253,253,3.50,-4.87,2.52,open
-61.62,-26.80,253,253,253,3.45,-6.00,3.24,open
-67.74,-8.30,253,248,253,1.56,-9.89,4.05,open
-58.04,25.61,253,253,253,-4.21,-7.45,4.65,open
-52.77,26.67,253,253,253,-5.24,-8.31,6.31,open
-48.47,26.62,253,253,253,-4.56,-6.81,6.03,open
-41.39,31.65,253,253,253,-5.52,-5.92,6.72,open
-40.51,30.99,253,255,253,-5.37,-5.81,6.80,open
-41.64,28.86,253,251,253,-4.98,-6.00,6.75,open
-39.04,30.84,253,253,253,-5.04,-5.31,6.55,open
-35.47,36.94,252,252,253,-6.76,-5.21,7.32,open
-35.71,38.02,253,247,253,-6.82,-5.09,7.08,open
-23.31,23.04,253,253,253,-3.27,-3.05,7.07,open
-45.97,0.88,253,253,253,-0.13,-6.25,6.05,open
-50.80,-10.30,253,253,253,1.71,-7.30,5.95,open
-52.29,-8.17,253,253,253,1.44,-7.95,6.15,open
-42.16,-1.18,253,250,253,0.21,-6.77,7.47,open
-40.30,-4.18,253,252,253,0.66,-5.85,6.90,open
-33.88,-7.35,253,253,251,1.34,-5.80,8.63,open
-26.93,-10.62,253,253,253,2.23,-5.39,10.61,open
-14.79,-7.79,251,249,253,1.73,-3.23,12.25,open
-26.05,-9.81,254,255,253,2.54,-6.44,13.17,open
-33.39,-12.91,253,253,255,3.38,-8.10,12.30,open
-31.62,1.90,253,252,250,-0.36,-5.68,9.23,open
-31.47,31.35,253,253,253,-4.15,-3.56,5.82,open
-45.61,44.57,253,253,254,-5.48,-3.97,3.89,open
-49.97,37.39,251,255,253,-5.60,-5.61,4.71,open
-55.04,14.60,253,253,253,-2.70,-8.49,5.94,open
-43.52,-1.70,253,253,253,0.25,-5.72,6.02,open
-53.72,-8.80,253,253,253,1.58,-8.24,6.05,open
-54.64,-10.46,251,251,253,2.00,-8.83,6.27,open
-55.60,-3.86,253,253,253,0.77,-9.38,6.42,open
-54.88,2.95,253,255,253,-0.60,-9.53,6.70,open
-59.92,5.18,253,253,253,-1.06,-10.07,5.83,open
-71.12,13.22,253,253,253,-3.03,-12.20,4.17,open
-73.19,9.34,253,253,253,-2.25,-13.10,3.96,open
-64.76,3.64,253,254,253,-0.91,-12.88,6.07,open
-68.78,-0.16,253,253,246,0.04,-11.87,4.61,open
-73.39,-3.87,253,253,253,0.67,-9.42,2.81,open
-67.28,2.65,253,253,253,-0.30,-5.92,2.48,open
-72.61,20.75,253,254,253,-1.71,-4.31,1.35,open
-87.75,57.64,253,253,253,-7.88,-4.99,0.20,open
-101.00,65.68,253,253,253,-15.13,-6.71,-1.30,open
-98.41,47.79,253,253,255,-11.52,-10.34,-1.53,open
-94.85,35.91,253,253,253,-7.19,-9.90,-0.84,open
-95.38,28.71,252,252,253,-4.67,-8.49,-0.80,open
-101.51,16.10,253,254,253,-1.99,-6.76,-1.38,open
-107.66,13.44,253,253,250,-1.58,-6.31,-2.01,open
-117.84,5.72,253,253,250,-0.60,-5.29,-2.79,open
-105.81,16.52,252,252,254,-1.67,-5.42,-1.53,open
-82.04,-1.27,255,253,252,0.21,-9.21,1.29,open
-83.03,1.25,253,253,254,-0.29,-13.08,1.60,open
-81.44,2.45,253,253,253,-0.80,-18.51,2.79,open
-88.63,5.57,252,254,253,-1.51,-15.48,0.37,open
-90.34,8.83,253,252,250,-2.30,-14.81,-0.09,open
-85.51,7.14,253,251,253,-1.89,-15.05,1.18,open
-83.54,8.25,253,253,253,-1.72,-11.80,1.34,open
-87.23,15.53,253,253,253,-2.45,-8.80,0.43,open
-95.86,26.30,253,253,253,-4.02,-8.09,-0.83,open
-131.26,32.44,253,253,253,-3.25,-3.84,-3.37,open
-146.08,33.14,253,253,253,-3.63,-3.10,-4.61,open
-168.98,52.58,253,253,253,-8.43,-1.23,-6.33,open
-159.16,56.05,253,253,254,-10.99,-2.63,-6.92,open
-149.62,46.06,253,253,253,-7.41,-3.61,-6.16,open
-161.10,45.87,253,252,252,-5.63,-1.77,-5.17,open
-142.92,13.31,253,253,253,-1.02,-2.60,-3.44,open
-87.63,-2.47,251,253,253,0.22,-5.09,0.21,open
-78.39,-5.08,246,253,254,0.96,-10.53,2.16,open
-76.21,3.53,246,253,253,-0.82,-12.98,3.19,open
-73.14,8.88,253,253,253,-1.87,-11.45,3.47,open
-70.85,7.72,252,253,253,-1.80,-12.56,4.36,open
-64.55,17.11,253,253,253,-3.38,-9.92,4.72,open
-65.92,18.76,253,254,253,-4.02,-10.81,4.83,open
-68.59,16.79,253,253,253,-3.79,-11.70,4.58,open
-64.96,17.67,253,252,254,-3.62,-10.30,4.81,open
-63.25,17.58,254,255,253,-3.34,-9.40,4.74,open
-67.74,3.80,253,252,253,-0.83,-11.58,4.74,open
-64.33,-10.84,253,253,253,2.34,-11.01,5.29,open
-61.22,-23.92,253,253,253,4.94,-9.77,5.37,open
-64.72,-28.28,253,253,253,6.35,-10.67,5.04,open
-65.98,-40.45,253,252,253,6.35,-6.80,3.03,open
-70.47,-47.63,253,253,253,6.28,-5.40,1.92,open
-78.31,-37.39,253,253,253,3.99,-5.11,1.06,open
-90.29,9.89,253,253,253,-0.90,-5.16,-0.03,open
-66.79,55.46,248,253,253,-3.72,-2.35,1.01,open
-80.22,39.71,249,253,253,-6.03,-7.15,1.23,open
-83.79,24.31,247,253,253,-4.60,-10.12,1.10,open
-77.13,29.89,253,253,254,-6.34,-10.74,2.45,open
-59.15,33.83,253,253,253,-6.65,-8.52,5.09,open
-49.00,11.94,255,253,253,-2.76,-9.83,8.55,open
-37.75,5.62,253,252,255,-1.12,-6.99,9.03,open
-53.41,5.33,253,253,251,-1.20,-10.30,7.65,open
-52.79,6.38,253,253,253,-1.26,-8.97,6.81,open
-54.02,7.24,253,253,253,-1.27,-8.06,5.85,open
-55.07,10.54,253,253,253,-1.85,-8.15,5.69,open
-55.58,11.87,253,252,251,-2.39,-9.40,6.44,open
-54.40,5.91,255,253,253,-1.31,-10.32,7.39,open
-46.42,0.94,255,255,253,-0.21,-9.05,8.61,open
-40.52,-5.78,253,253,251,1.25,-8.00,9.37,open
-42.54,-6.76,253,250,253,1.52,-8.66,9.44,open
-45.78,-6.01,253,253,253,1.19,-8.11,7.89,open
-61.41,8.01,250,253,253,-1.50,-9.35,5.09,open
-71.50,21.40,251,251,253,-3.50,-8.48,2.84,open
-84.67,33.04,253,253,253,-4.51,-6.90,0.64,open
-94.73,41.73,253,255,253,-5.13,-5.73,-0.47,open
-84.08,29.81,253,253,253,-3.58,-6.21,0.64,open
-85.75,-2.71,253,253,253,0.40,-8.31,0.62,open
-87.04,-15.00,253,252,253,2.29,-8.53,0.44,open
-87.73,-16.27,253,253,253,2.76,-9.44,0.37,open
-79.41,-17.62,253,253,253,2.83,-8.76,1.64,open
-65.40,-16.53,253,252,252,2.18,-6.69,3.06,open
-62.44,-11.44,253,253,253,2.52,-11.02,5.75,open
-50.11,12.74,252,255,253,-2.81,-9.55,7.98,open
-60.16,3.90,253,253,253,-0.84,-10.63,6.10,open
-55.33,-0.52,253,253,253,0.12,-11.27,7.80,open
-54.13,3.11,253,252,253,-0.79,-11.83,8.56,open
-49.79,6.89,253,253,253,-1.58,-10.00,8.45,open
-53.96,6.34,253,252,254,-1.40,-10.22,7.43,open
-54.89,33.29,254,255,253,-4.63,-5.77,4.06,open
-83.95,43.23,255,253,253,-5.08,-5.37,0.57,open
-78.07,23.02,255,253,253,-4.13,-9.52,2.01,open
-76.63,29.18,253,252,253,-4.96,-8.65,2.05,open
-77.98,50.45,253,253,253,-8.23,-6.64,1.41,open
-81.81,42.14,255,253,252,-7.18,-7.85,1.13,open
-82.22,28.16,253,253,253,-5.61,-10.38,1.42,open
-78.76,30.25,252,249,253,-5.26,-8.85,1.76,open
-68.81,27.39,253,253,253,-4.08,-7.35,2.85,open
-68.31,12.86,255,253,253,-1.94,-7.91,3.15,open
-66.95,9.27,253,253,253,-1.44,-8.11,3.45,open
-59.63,9.67,252,253,253,-1.45,-7.34,4.30,open
-47.29,11.37,253,253,254,-1.83,-6.68,6.16,open
-47.11,8.86,254,253,253,-1.71,-8.06,7.48,open
-55.48,9.94,253,255,253,-2.25,-10.60,7.29,open
-65.79,9.07,253,254,253,-2.00,-11.45,5.15,open
-63.08,13.81,250,252,253,-2.97,-10.77,5.47,open
-64.77,5.42,253,253,253,-1.29,-12.31,5.80,open
-51.35,10.72,253,250,253,-2.09,-8.63,6.90,open
-44.12,7.34,253,253,253,-1.36,-7.38,7.61,open
-51.76,1.63,253,253,253,-0.33,-9.20,7.25,open
-49.92,2.09,253,253,253,-0.40,-8.33,7.01,open
-47.96,1.88,254,255,253,-0.28,-6.39,5.77,open
-55.95,31.01,255,253,253,-5.11,-7.04,4.76,open
-62.00,57.37,253,253,253,-9.22,-5.21,2.77,open
-62.13,61.02,253,253,254,-9.33,-4.57,2.42,open
-30.71,20.65,253,253,253,-3.86,-5.23,8.81,open
-34.80,9.99,248,253,253,-1.96,-6.35,9.14,open
-38.55,7.73,252,254,253,-1.54,-7.07,8.88,open
-48.92,3.05,253,253,253,-0.74,-10.41,9.08,open
-48.28,1.43,253,253,253,-0.33,-9.73,8.67,open
-63.19,-1.61,253,253,253,0.36,-11.32,5.72,open
-70.07,0.64,253,253,253,-0.10,-8.21,2.98,open
-102.23,13.37,253,253,253,-1.30,-5.35,-1.16,open
-141.78,34.65,253,253,253,-3.22,-2.89,-3.66,open
-146.51,47.03,253,255,253,-4.81,-2.47,-3.73,open
-109.52,24.83,253,251,253,-3.58,-7.30,-2.59,open
-96.97,10.47,253,253,253,-1.40,-7.50,-0.92,open
-81.15,-4.18,253,253,253,0.67,-9.00,1.40,open
-53.13,-2.39,253,253,253,0.33,-6.25,4.69,open
-60.51,-7.61,253,253,253,1.60,-10.45,5.91,open
-46.20,5.68,253,253,253,-1.16,-8.40,8.06,open
-50.24,4.13,253,253,253,-0.98,-10.47,8.71,open
-50.99,5.13,254,253,253,-1.11,-9.59,7.77,open
-54.63,10.88,253,255,253,-2.24,-9.52,6.76,open
-53.84,14.42,249,253,253,-3.00,-9.42,6.89,open
-52.85,10.59,253,253,254,-2.17,-9.24,7.00,open
-54.11,5.17,249,253,253,-1.11,-9.91,7.17,open
-49.17,-7.60,253,248,253,1.46,-8.29,7.17,open
-55.16,-17.89,244,253,253,4.07,-10.35,7.20,open
-51.27,-35.32,254,253,253,7.58,-8.34,6.69,open
-55.98,-48.43,253,253,253,8.54,-6.28,4.24,open
-71.23,-46.53,253,253,253,8.07,-7.24,2.46,open
-101.04,-44.11,253,253,252,5.70,-5.77,-1.13,open
-136.47,-35.24,253,253,253,3.26,-3.18,-3.34,open
-143.04,-20.29,253,253,253,2.85,-4.64,-6.17,open
-155.96,-4.98,253,252,253,0.70,-3.29,-7.37,open
-148.67,-0.16,253,253,253,0.02,-4.44,-7.29,open
-143.41,-17.62,253,253,253,2.50,-4.69,-6.31,open
-121.82,-42.88,252,252,253,6.34,-5.80,-3.60,open
-102.04,-59.72,253,253,253,7.00,-4.00,-0.85,open
-83.77,-53.26,252,252,253,8.07,-5.99,0.65,open
-75.59,-52.17,253,253,255,7.47,-5.62,1.44,open
-67.03,-53.92,253,253,253,9.11,-6.11,2.59,open
-19.41,-59.30,253,254,253,9.88,-1.95,5.53,open
-21.76,-46.16,254,255,253,8.30,-2.95,7.40,open
-40.53,-29.00,253,253,253,5.66,-6.64,7.77,open
-28.95,-27.38,253,253,253,5.51,-5.15,9.31,open
-42.47,-27.81,253,253,253,6.06,-7.76,8.48,open
-45.88,-26.41,253,253,253,5.69,-8.22,7.97,open
-42.63,-26.36,253,253,253,5.54,-7.58,8.23,open
-35.58,-29.77,254,253,253,6.09,-6.20,8.66,open
-30.92,-29.20,253,253,253,5.87,-5.40,9.01,open
-28.46,-33.10,253,253,254,6.12,-4.47,8.26,open
-40.99,-38.17,253,252,251,6.84,-5.71,6.57,open
-39.96,-44.23,248,253,253,7.32,-4.83,5.77,open
-60.87,-47.95,253,253,253,7.50,-5.91,3.29,open
-73.44,-42.43,253,253,254,5.26,-5.51,1.64,open
-80.10,-56.87,253,253,253,6.89,-4.43,0.77,open
-94.80,-42.84,252,255,253,6.07,-6.53,-0.55,open
-88.73,-41.81,253,253,254,5.59,-6.25,0.14,open
-85.86,-25.03,248,253,253,3.97,-8.47,0.61,open
-82.45,-8.30,253,253,253,1.51,-10.26,1.36,open
-93.42,5.33,253,253,253,-1.14,-12.22,-0.73,open
-96.32,3.90,253,253,253,-0.79,-11.47,-1.27,open
-97.94,8.70,251,249,253,-1.74,-11.28,-1.57,open
-100.67,3.57,253,253,250,-0.67,-10.55,-1.99,open
-100.29,-0.43,254,255,253,0.08,-10.01,-1.82,open
-98.14,-21.62,255,253,253,2.65,-6.61,-0.95,open
-104.94,-26.56,253,253,253,3.43,-6.62,-1.77,open
-104.28,-43.05,255,253,253,4.62,-4.79,-1.22,open
-62.84,-64.08,253,253,253,5.12,-2.21,1.13,open
-45.05,-45.74,253,253,253,7.45,-5.14,5.13,open
-55.89,-32.20,250,253,253,6.74,-8.86,6.00,open
-34.90,-34.61,253,253,255,7.64,-6.34,9.08,open
-38.57,-26.13,253,251,249,6.14,-7.80,9.78,open
-41.45,-22.84,253,252,254,5.52,-8.67,9.82,open
-44.50,-26.39,253,253,254,5.61,-7.93,8.07,open
-48.42,-24.41,254,253,253,5.01,-8.25,7.32,open
-45.35,-22.13,253,253,253,4.49,-7.86,7.76,open
-24.37,-29.69,253,253,253,6.35,-4.60,10.15,open
-24.46,-29.94,253,254,253,6.11,-4.40,9.66,open
-34.25,-23.46,253,253,253,4.37,-5.66,8.32,open
-49.88,-12.31,253,253,253,2.11,-7.40,6.23,open
-65.76,1.86,253,253,255,-0.36,-10.19,4.59,open
-81.67,10.19,253,253,252,-1.96,-10.78,1.58,open
-94.66,12.13,253,253,253,-2.58,-11.98,-0.98,open
-101.80,5.43,253,253,254,-1.04,-10.75,-2.25,open
-100.48,2.90,253,253,253,-0.42,-8.14,-1.51,open
-94.84,-7.66,253,253,255,0.90,-6.65,-0.56,open
-94.82,-19.78,253,253,253,1.73,-4.80,-0.40,open
-84.73,-17.28,253,252,252,2.22,-7.11,0.66,open
-71.10,-16.70,253,253,253,2.99,-9.43,3.23,open
-50.50,-9.55,253,253,253,2.17,-9.96,8.21,open
-45.87,-9.19,253,253,253,2.10,-9.31,9.04,open
-39.92,-3.53,253,254,255,0.87,-9.06,10.83,open
-45.75,-10.62,253,253,253,2.44,-9.32,9.08,open
-58.01,-8.01,252,251,253,1.90,-11.46,7.16,open
-53.61,-1.50,252,251,254,0.31,-9.67,7.13,open
-55.41,-7.68,253,253,253,1.84,-11.26,7.76,open
-45.87,-7.72,253,253,253,1.82,-9.64,9.35,open
-45.96,-9.87,253,253,253,2.32,-9.61,9.29,open
-47.83,-18.30,253,252,254,3.93,-8.81,7.98,open
-41.12,-26.98,253,253,253,4.42,-5.71,6.54,open
-53.45,-24.86,253,253,253,3.50,-6.06,4.50,open
-61.01,-9.80,253,253,253,1.23,-6.24,3.46,open
-75.37,9.23,253,253,253,-1.59,-9.49,2.48,open
-81.27,36.74,253,252,252,-6.47,-8.57,1.32,open
-81.41,37.04,253,253,253,-6.27,-8.21,1.24,open
-78.43,52.76,253,253,253,-6.03,-4.49,0.92,open
-56.51,27.31,253,254,253,-5.08,-8.20,5.43,open
-47.23,27.18,253,253,255,-5.26,-7.52,6.96,open
-35.00,28.34,253,253,253,-5.24,-5.57,7.96,open
-43.34,10.28,245,253,254,-1.99,-7.52,7.98,open
-45.58,9.21,253,253,253,-1.75,-7.69,7.53,open
-43.57,26.70,250,253,253,-5.54,-7.58,7.97,open
-44.19,34.56,253,255,253,-6.78,-6.86,7.06,open
-46.87,26.69,253,253,253,-5.33,-7.74,7.25,open
-48.98,19.96,253,253,253,-4.04,-8.40,7.30,open
-28.95,21.26,253,253,253,-3.77,-4.69,8.47,open
-48.70,12.37,253,253,253,-2.37,-8.11,7.13,open
-50.10,12.14,253,253,253,-2.15,-7.65,6.40,open
-60.92,9.78,253,253,254,-1.63,-8.26,4.60,open
-69.79,7.68,252,252,253,-1.23,-8.59,3.16,open
-74.91,12.19,253,253,253,-1.67,-7.45,2.01,open
-82.47,7.34,252,253,253,-1.05,-8.08,1.07,open
-83.86,6.55,253,253,253,-0.95,-8.21,0.88,open
-85.21,1.93,253,253,253,-0.32,-9.58,0.80,open
-85.04,3.05,253,253,252,-0.54,-10.02,0.87,open
-92.70,-27.68,83,149,214,4.61,-8.78,-0.41,thumbup
-86.47,-34.41,85,156,253,5.37,-7.83,0.48,thumbup
-83.94,-38.08,85,156,253,6.59,-8.36,0.89,thumbup
-88.64,-37.61,85,156,253,7.60,-9.86,0.23,thumbup
-84.86,-37.47,85,156,253,5.82,-7.57,0.68,thumbup
-83.48,-33.51,84,157,253,5.24,-7.86,0.90,thumbup
-86.48,-30.19,85,157,253,4.63,-7.93,0.49,thumbup
-91.26,-38.81,85,156,253,5.70,-7.08,-0.16,thumbup
-90.99,-33.46,85,156,253,6.38,-9.65,-0.17,thumbup
-86.31,-23.70,86,156,253,4.07,-9.25,0.60,thumbup
-84.98,-28.39,86,157,254,4.48,-8.25,0.73,thumbup
-87.74,-29.97,87,157,253,4.45,-7.70,0.30,thumbup
-89.91,-36.41,86,158,253,5.83,-7.91,0.01,thumbup
-91.33,-34.91,86,162,253,5.63,-8.06,-0.19,thumbup
-92.89,-33.43,86,158,253,5.32,-8.05,-0.41,thumbup
-91.84,-35.12,86,158,253,5.81,-8.26,-0.27,thumbup
-91.37,-34.30,88,158,253,5.72,-8.39,-0.20,thumbup
-88.90,-32.13,88,158,253,5.34,-8.50,0.16,thumbup
-90.35,-27.83,88,159,253,4.61,-8.74,-0.05,thumbup
-94.93,-28.32,89,159,253,5.26,-9.72,-0.84,thumbup
-101.29,-31.60,89,159,254,6.19,-9.87,-1.97,thumbup
-105.48,-43.31,90,161,253,6.48,-6.62,-1.83,thumbup
-89.43,-30.83,93,160,253,5.04,-8.43,0.08,thumbup
-79.14,-27.29,94,161,253,4.72,-8.99,1.72,thumbup
-82.88,-24.51,95,161,253,4.03,-8.77,1.09,thumbup
-88.41,-28.28,95,161,254,4.83,-8.98,0.25,thumbup
-91.63,-27.73,96,162,253,4.75,-9.03,-0.26,thumbup
-93.72,-28.27,101,162,252,4.82,-8.95,-0.58,thumbup
-96.51,-25.59,101,161,253,4.35,-9.02,-1.03,thumbup
-100.91,-26.12,101,160,253,4.44,-8.89,-1.71,thumbup
-102.40,-29.90,106,163,253,4.49,-7.62,-1.68,thumbup
-101.20,-30.08,107,164,255,4.77,-8.08,-1.60,thumbup
-102.44,-27.71,105,163,253,4.36,-8.11,-1.79,thumbup
-106.03,-42.43,105,163,253,5.67,-5.97,-1.71,thumbup
-100.71,-37.01,104,163,253,6.22,-8.10,-1.53,thumbup
-97.91,-29.22,105,162,253,4.23,-7.50,-1.04,thumbup
-100.63,-23.17,104,163,253,3.73,-8.57,-1.61,thumbup
-99.11,-18.45,101,162,253,3.10,-9.17,-1.47,thumbup
-101.95,-13.55,101,162,253,2.25,-9.12,-1.93,thumbup
-96.19,-0.89,94,161,253,0.18,-11.63,-1.26,thumbup
-92.84,-1.37,93,161,253,0.27,-11.43,-0.57,thumbup
-88.95,-13.68,94,160,253,2.00,-8.21,0.15,thumbup
-85.08,-35.75,95,161,253,5.54,-7.67,0.66,thumbup
-88.23,-45.28,95,160,253,7.42,-7.34,0.23,thumbup
-93.74,-39.74,101,161,253,6.40,-7.69,-0.50,thumbup
-90.16,-35.41,95,160,253,5.64,-7.93,-0.02,thumbup
-97.84,-32.89,100,159,253,5.92,-9.06,-1.25,thumbup
-98.02,-42.23,95,162,253,6.99,-7.63,-1.07,thumbup
-100.09,-44.30,95,162,253,7.31,-7.37,-1.31,thumbup
-99.93,-42.78,99,162,253,7.08,-7.54,-1.32,thumbup
-100.11,-36.88,100,162,253,5.79,-7.60,-1.36,thumbup
-99.15,-34.46,100,162,247,5.73,-8.24,-1.33,thumbup
-97.35,-37.55,100,162,251,6.33,-8.17,-1.05,thumbup
-94.71,-41.49,100,162,253,6.78,-7.64,-0.63,thumbup
-94.63,-38.40,98,162,253,6.16,-7.75,-0.63,thumbup
-96.75,-33.55,100,162,251,5.69,-8.51,-1.01,thumbup
-95.76,-30.01,101,162,253,5.00,-8.61,-0.87,thumbup
-94.94,-26.09,102,162,253,4.53,-9.23,-0.80,thumbup
-94.78,-24.97,103,162,253,4.08,-8.73,-0.73,thumbup
-97.31,-23.51,101,162,253,4.00,-9.11,-1.17,thumbup
-99.20,-24.51,102,163,253,4.04,-8.75,-1.42,thumbup
-97.55,-16.65,102,162,253,3.15,-10.44,-1.38,thumbup
-97.58,-20.53,102,161,250,3.73,-9.87,-1.31,thumbup
-98.00,-17.08,103,163,253,2.89,-9.30,-1.31,thumbup
-97.16,-15.58,103,163,253,2.70,-9.61,-1.21,thumbup
-96.36,-15.74,107,166,253,2.83,-9.99,-1.11,thumbup
-96.91,-18.20,103,167,254,3.13,-9.45,-1.14,thumbup
-96.16,-17.97,103,167,253,3.07,-9.40,-1.02,thumbup
-93.00,-33.54,103,167,253,5.24,-7.90,-0.41,thumbup
-93.46,-36.40,103,166,253,5.73,-7.75,-0.47,thumbup
-95.79,-37.71,103,168,253,6.41,-8.24,-0.84,thumbup
-94.82,-40.81,103,167,253,6.69,-7.72,-0.65,thumbup
-95.66,-34.24,103,167,253,5.37,-7.85,-0.78,thumbup
-96.70,-40.25,103,169,253,6.10,-7.15,-0.84,thumbup
-92.60,-32.23,103,168,253,5.29,-8.38,-0.38,thumbup
-91.23,-28.92,103,169,253,4.85,-8.77,-0.19,thumbup
-93.04,-29.52,104,166,253,5.22,-9.20,-0.49,thumbup
-90.54,-28.47,104,166,253,5.00,-9.22,-0.09,thumbup
-90.72,-24.23,104,166,253,4.38,-9.73,-0.12,thumbup
-90.61,-31.24,105,166,253,4.77,-7.86,-0.08,thumbup
-90.96,-29.53,105,166,253,4.85,-8.56,-0.14,thumbup
-95.19,-29.05,106,166,253,4.76,-8.54,-0.78,thumbup
-87.25,-34.17,107,166,253,5.49,-8.08,0.39,thumbup
-89.51,-34.67,108,165,253,5.58,-8.07,0.07,thumbup
-87.87,-36.18,110,166,253,6.02,-8.23,0.31,thumbup
-88.33,-34.43,108,165,253,5.97,-8.70,0.25,thumbup
-87.70,-31.74,109,166,253,5.25,-8.48,0.34,thumbup
-91.05,-32.75,111,166,254,5.22,-8.11,-0.15,thumbup
-88.92,-35.40,111,165,253,5.97,-8.40,0.16,thumbup
-87.72,-36.92,111,167,253,5.65,-7.51,0.30,thumbup
-87.80,-33.56,112,166,253,5.04,-7.59,0.29,thumbup
-91.96,-30.81,111,166,253,5.22,-8.75,-0.30,thumbup
-90.10,-40.39,111,167,253,7.14,-8.39,-0.01,thumbup
-91.99,-46.36,111,167,253,7.94,-7.56,-0.26,thumbup
-92.56,-43.04,112,166,249,7.25,-7.75,-0.35,thumbup
-94.76,-45.83,112,166,253,7.55,-7.31,-0.61,thumbup
-90.27,-43.04,112,166,253,7.49,-8.03,-0.04,thumbup
-90.33,-48.05,112,168,253,8.27,-7.43,-0.04,thumbup
-83.69,-43.71,111,169,253,7.31,-7.60,0.84,thumbup
-83.53,-45.26,111,169,253,7.72,-7.60,0.86,thumbup
-74.12,-44.53,110,171,253,7.73,-7.56,2.15,thumbup
-74.85,-40.54,111,169,253,6.64,-7.49,2.03,thumbup
-76.37,-32.60,111,168,254,5.67,-8.61,2.09,thumbup
-79.33,-27.64,113,169,254,4.80,-9.01,1.70,thumbup
-83.31,-28.53,113,169,253,4.60,-8.41,0.99,thumbup
-86.52,-27.45,118,171,253,4.49,-8.63,0.52,thumbup
-88.28,-25.72,116,171,253,4.15,-8.61,0.26,thumbup
-90.08,-28.94,116,170,251,4.90,-8.86,-0.01,thumbup
-91.49,-28.98,117,170,253,4.81,-8.67,-0.23,thumbup
-92.09,-36.03,118,171,253,5.87,-8.06,-0.29,thumbup
-93.84,-32.44,118,170,254,5.04,-7.92,-0.53,thumbup
-94.53,-21.49,119,170,253,3.67,-9.28,-0.74,thumbup
-97.97,-20.02,117,170,253,3.77,-10.24,-1.43,thumbup
-99.21,-9.54,117,170,254,1.95,-11.43,-1.85,thumbup
-96.73,-9.49,117,170,253,2.01,-11.94,-1.41,thumbup
-94.11,-19.99,120,170,253,3.70,-10.16,-0.73,thumbup
-96.12,-30.29,119,170,253,4.91,-8.35,-0.90,thumbup
-99.82,-39.36,119,170,253,6.13,-7.36,-1.27,thumbup
-97.22,-36.88,120,170,253,6.20,-8.20,-1.04,thumbup
-100.71,-22.05,119,171,253,3.30,-8.02,-1.52,thumbup
-95.59,-29.65,119,170,253,4.45,-7.78,-0.76,thumbup
-83.70,-38.56,118,170,253,6.33,-7.89,0.87,thumbup
-81.24,-33.70,119,169,253,5.84,-8.65,1.33,thumbup
-80.98,-28.60,123,170,253,5.76,-10.44,1.66,thumbup
-81.49,-40.04,123,170,253,7.20,-8.48,1.27,thumbup
-82.20,-42.85,122,169,253,6.94,-7.41,1.02,thumbup
-85.53,-35.67,122,170,253,5.87,-8.15,0.64,thumbup
-77.27,-36.36,135,171,253,6.06,-8.03,1.81,thumbup
-79.54,-42.76,136,169,249,6.67,-7.09,1.31,thumbup
-78.53,-43.14,135,170,253,7.16,-7.49,1.52,thumbup
-81.56,-37.63,135,170,253,5.98,-7.67,1.14,thumbup
-81.35,-46.14,135,170,253,7.67,-7.29,1.11,thumbup
-81.00,-40.32,134,160,253,6.92,-8.05,1.28,thumbup
-81.47,-31.04,136,170,253,5.34,-8.78,1.32,thumbup
-83.84,-29.74,136,170,253,4.93,-8.58,0.93,thumbup
-95.57,-47.87,144,171,253,7.52,-6.77,-0.66,thumbup
-96.93,-43.10,145,171,253,7.09,-7.52,-0.91,thumbup
-95.77,-36.90,144,171,254,6.31,-8.36,-0.85,thumbup
-94.99,-35.85,144,171,253,5.89,-8.12,-0.71,thumbup
-97.58,-43.00,144,170,253,6.62,-7.04,-0.94,thumbup
-95.58,-42.81,144,172,253,7.03,-7.55,-0.74,thumbup
-92.84,-35.14,142,175,253,6.50,-9.23,-0.46,thumbup
-91.21,-43.40,148,175,253,6.63,-7.02,-0.15,thumbup
-93.27,-38.58,148,175,253,6.45,-8.08,-0.46,thumbup
-92.05,-36.41,148,175,253,5.94,-8.04,-0.29,thumbup
-85.87,-42.71,147,175,253,6.68,-7.22,0.52,thumbup
-92.93,-42.52,148,175,253,6.09,-6.63,-0.34,thumbup
-96.85,-52.44,148,176,253,5.87,-4.48,-0.54,thumbup
-82.02,-51.61,148,173,253,7.86,-6.17,0.86,thumbup
-73.76,-39.50,147,173,253,7.47,-8.71,2.54,thumbup
-73.09,-37.71,147,173,253,6.91,-8.55,2.60,thumbup
-108.02,-24.81,147,174,253,4.19,-8.62,-2.80,thumbup
-111.00,-23.72,150,176,253,4.23,-8.99,-3.45,thumbup
-110.42,-17.60,149,174,253,3.34,-9.86,-3.67,thumbup
-109.42,-12.68,149,175,253,2.47,-10.35,-3.65,thumbup
-109.07,-14.77,149,175,253,2.71,-9.72,-3.36,thumbup
-108.30,-16.98,150,175,253,2.87,-8.91,-2.95,thumbup
-111.52,-21.31,150,180,253,3.54,-8.43,-3.33,thumbup
-109.98,-24.98,147,176,252,4.12,-8.31,-3.02,thumbup
-108.97,-23.65,146,176,253,3.97,-8.57,-2.95,thumbup
-98.14,-22.06,145,177,251,4.21,-10.28,-1.47,thumbup
-97.46,-27.10,145,177,253,5.40,-10.46,-1.37,thumbup
-98.55,-25.03,145,175,253,4.50,-9.52,-1.43,thumbup
-98.82,-21.74,145,177,253,3.61,-8.94,-1.39,thumbup
-98.57,-19.78,145,177,253,2.90,-7.99,-1.20,thumbup
-96.97,-18.07,144,178,253,2.36,-7.19,-0.88,thumbup
-95.00,-24.41,144,177,253,3.46,-7.61,-0.67,thumbup
-92.28,-36.93,145,177,254,5.83,-7.75,-0.31,thumbup
-86.95,-45.92,144,177,253,7.80,-7.54,0.40,thumbup
-90.74,-51.32,144,177,253,8.81,-7.06,-0.09,thumbup
-102.28,-43.56,143,177,253,7.31,-7.51,-1.64,thumbup
-113.10,-39.34,144,177,253,5.78,-6.48,-2.77,thumbup
-109.19,-34.04,144,177,253,5.78,-8.08,-2.81,thumbup
-103.94,-40.90,144,179,253,6.80,-7.62,-1.89,thumbup
-99.88,-45.07,143,178,253,6.94,-6.82,-1.19,thumbup
-104.36,-47.08,144,177,253,7.98,-7.19,-1.84,thumbup
-90.41,-44.90,144,176,253,7.74,-7.77,-0.06,thumbup
-100.52,-28.71,147,178,253,4.95,-8.88,-1.65,thumbup
-97.93,-34.20,147,178,253,5.63,-8.20,-1.14,thumbup
-94.97,-34.14,148,178,253,5.32,-7.82,-0.68,thumbup
-92.73,-33.96,148,178,253,5.34,-7.92,-0.38,thumbup
-90.10,-36.98,148,178,253,6.43,-8.54,-0.01,thumbup
-91.58,-47.89,148,178,253,7.49,-6.77,-0.19,thumbup
-92.04,-51.48,152,177,253,8.03,-6.39,-0.23,thumbup
-94.17,-51.78,161,177,252,8.57,-6.73,-0.49,thumbup
-94.99,-55.14,164,177,252,8.50,-5.90,-0.51,thumbup
-90.99,-45.51,162,178,253,6.38,-6.26,-0.11,thumbup
-85.25,-37.55,159,177,253,6.49,-8.41,0.70,thumbup
-84.98,-40.36,159,177,252,6.77,-7.93,0.70,thumbup
-87.10,-38.36,159,178,253,6.64,-8.38,0.42,thumbup
-87.91,-39.80,160,176,249,6.52,-7.82,0.28,thumbup
-85.89,-43.84,156,172,253,5.49,-5.70,0.41,thumbup
-84.15,-37.86,159,177,254,5.99,-7.66,0.79,thumbup
-88.94,-40.79,157,176,253,8.17,-9.46,0.17,thumbup
-89.39,-40.29,154,177,253,6.11,-7.21,0.08,thumbup
-74.93,-41.20,154,177,253,6.70,-7.39,1.99,thumbup
-71.64,-43.25,154,177,253,6.48,-6.54,2.17,thumbup
-73.20,-42.77,153,179,253,6.69,-6.92,2.09,thumbup
-74.65,-32.39,156,180,253,4.80,-7.29,2.00,thumbup
-68.34,-34.11,157,182,253,5.78,-7.93,3.15,thumbup
-66.62,-43.38,155,182,253,6.48,-6.30,2.72,thumbup
-69.71,-33.40,149,183,253,6.01,-8.55,3.16,thumbup
-58.19,-39.96,147,184,253,7.29,-7.39,4.58,thumbup
-60.05,-36.32,157,183,253,6.25,-7.37,4.24,thumbup
-59.90,-39.92,157,183,253,6.90,-7.14,4.14,thumbup
-70.82,-37.59,153,187,253,7.59,-9.32,3.24,thumbup
-64.15,-37.98,149,186,253,8.28,-9.55,4.63,thumbup
-67.10,-34.88,148,183,253,7.18,-9.50,4.01,thumbup
-69.19,-36.42,149,185,253,6.09,-7.71,2.93,thumbup
-81.57,-44.71,149,185,253,5.98,-5.98,0.89,thumbup
-86.48,-45.73,149,184,253,6.93,-6.74,0.41,thumbup
-111.65,-43.85,149,186,253,5.19,-5.03,-1.99,thumbup
-121.05,-28.60,148,184,253,3.73,-5.87,-3.53,thumbup
-134.89,-24.23,149,185,253,2.76,-4.34,-4.32,thumbup
-122.44,-39.18,151,184,253,5.70,-5.91,-3.75,thumbup
-122.08,-42.71,150,184,253,5.81,-5.34,-3.34,thumbup
-96.38,-35.75,157,189,253,6.12,-8.45,-0.95,thumbup
-87.39,-45.44,157,190,253,7.27,-7.16,0.33,thumbup
-74.33,-20.31,169,185,253,4.07,-10.60,2.97,thumbup
-76.02,-28.36,162,187,253,6.64,-11.94,2.97,thumbup
-72.21,-36.85,160,188,253,7.33,-9.32,2.99,thumbup
-77.91,-29.59,158,187,253,6.39,-11.01,2.36,thumbup
-80.84,-30.92,160,187,253,7.17,-11.82,1.91,thumbup
-81.36,-31.92,159,183,253,6.95,-11.03,1.68,thumbup
-89.55,-36.02,158,188,253,5.50,-7.57,0.06,thumbup
-93.59,-16.77,157,186,253,2.52,-8.35,-0.52,thumbup
-105.52,-27.57,157,189,253,3.50,-6.46,-1.79,thumbup
-107.01,-21.28,158,190,253,2.70,-6.64,-2.03,thumbup
-112.73,-16.19,157,188,255,1.82,-5.80,-2.43,thumbup
-109.76,-25.94,158,188,253,3.57,-6.91,-2.48,thumbup
-103.68,-30.43,158,189,253,4.87,-8.05,-1.96,thumbup
-102.98,-35.67,160,189,253,6.12,-8.31,-1.92,thumbup
-97.88,-30.32,161,188,253,5.51,-9.33,-1.29,thumbup
-95.13,-32.58,157,186,253,5.37,-8.37,-0.75,thumbup
-89.60,-28.96,161,185,253,4.56,-8.24,0.06,thumbup
-88.95,-23.02,161,183,253,4.32,-10.16,0.19,thumbup
-88.83,-22.94,161,184,253,4.97,-11.74,0.24,thumbup
-89.11,-22.36,161,185,253,4.70,-11.42,0.18,thumbup
-89.24,-25.51,161,185,253,4.98,-10.44,0.14,thumbup
-92.43,-31.96,161,185,254,5.49,-8.80,-0.37,thumbup
-97.62,-35.55,161,186,253,5.68,-7.87,-1.05,thumbup
-101.62,-29.44,162,189,253,4.46,-7.74,-1.59,thumbup
-104.36,-20.42,163,184,253,2.86,-7.44,-1.91,thumbup
-106.33,-20.94,169,185,253,2.99,-7.49,-2.19,thumbup
-103.72,-14.89,171,186,249,2.71,-9.89,-2.41,thumbup
-100.71,-13.50,178,186,253,2.20,-9.02,-1.70,thumbup
-94.72,-7.50,172,186,252,1.48,-11.22,-0.93,thumbup
-91.51,-22.11,172,186,253,3.99,-9.82,-0.26,thumbup
-89.66,-26.55,166,189,253,4.49,-8.99,0.05,thumbup
-91.35,-27.80,165,186,253,4.46,-8.46,-0.20,thumbup
-87.52,-38.58,166,186,253,5.47,-6.85,0.30,thumbup
-87.88,-35.70,166,185,253,4.61,-6.42,0.24,thumbup
-80.70,-43.74,166,186,253,5.57,-5.75,0.94,thumbup
-77.62,-38.36,165,187,253,6.05,-7.46,1.64,thumbup
-75.55,-40.39,165,195,253,6.47,-7.37,1.90,thumbup
-78.00,-35.57,165,189,253,7.35,-10.06,2.14,thumbup
-74.21,-38.82,171,189,253,7.75,-9.27,2.62,thumbup
-78.30,-41.27,154,185,255,6.23,-6.95,1.44,thumbup
-87.83,-47.28,154,185,253,7.00,-6.46,0.24,thumbup
-105.97,-42.01,156,184,252,5.34,-5.70,-1.63,thumbup
-109.40,-37.12,153,184,253,5.51,-6.87,-2.42,thumbup
-120.90,-31.41,155,184,253,3.70,-5.20,-3.11,thumbup
-118.79,-34.54,154,184,251,4.53,-5.77,-3.17,thumbup
-106.83,-37.37,154,184,253,4.84,-6.06,-1.83,thumbup
-96.00,-47.75,154,185,253,7.27,-6.56,-0.69,thumbup
-90.32,-42.50,154,184,253,6.73,-7.34,-0.04,thumbup
-85.82,-35.65,158,185,253,6.29,-8.75,0.64,thumbup
-84.64,-38.88,159,185,253,6.59,-8.13,0.76,thumbup
-77.85,-41.68,158,183,253,6.82,-7.49,1.61,thumbup
-75.84,-37.67,158,183,253,5.87,-7.37,1.86,thumbup
-66.25,-36.24,159,183,253,6.14,-7.67,3.37,thumbup
-63.85,-38.48,159,184,253,6.97,-7.87,3.86,thumbup
-67.35,-40.26,159,185,253,7.89,-8.60,3.59,thumbup
-69.73,-37.80,159,184,252,7.57,-9.15,3.38,thumbup
-70.82,-36.91,159,186,253,7.19,-9.05,3.15,thumbup
-71.53,-41.10,159,186,253,7.26,-7.90,2.64,thumbup
-75.10,-42.89,157,185,253,7.53,-7.84,2.09,thumbup
-81.50,-44.56,150,184,253,7.37,-7.40,1.11,thumbup
-92.62,-43.64,159,184,253,6.03,-6.32,-0.29,thumbup
-99.69,-40.72,158,184,253,5.59,-6.40,-1.09,thumbup
-118.18,-41.14,158,184,253,4.54,-4.58,-2.46,thumbup
-123.57,-34.10,158,183,253,4.22,-5.20,-3.45,thumbup
-115.04,-34.96,157,184,253,4.47,-5.79,-2.70,thumbup
-108.85,-44.03,158,184,253,5.50,-5.39,-1.84,thumbup
-100.52,-44.08,159,184,253,6.64,-6.74,-1.25,thumbup
-86.58,-39.50,175,185,253,6.62,-8.01,0.48,thumbup
-80.53,-37.36,178,184,253,6.85,-8.86,1.48,thumbup
-74.85,-39.29,176,180,253,7.67,-9.05,2.45,thumbup
-73.53,-42.65,180,184,252,7.85,-8.17,2.42,thumbup
-76.50,-42.50,177,184,252,8.41,-8.92,2.14,thumbup
-76.12,-41.21,177,184,253,8.75,-9.70,2.40,thumbup
-78.22,-46.62,180,185,253,8.37,-7.74,1.61,thumbup
79.51,49.29,95,163,253,-7.95,6.72,1.24,thumbdown
81.81,57.71,98,163,253,-9.09,5.69,0.82,thumbdown
102.34,65.91,105,163,253,-8.90,3.89,-0.85,thumbdown
117.41,72.08,104,165,253,-9.67,2.77,-1.44,thumbdown
138.21,78.97,104,159,253,-10.55,1.37,-1.53,thumbdown
118.57,77.17,103,158,253,-10.20,2.04,-1.11,thumbdown
88.19,65.66,104,158,253,-9.39,4.24,0.13,thumbdown
80.49,55.45,103,158,253,-8.42,5.72,0.96,thumbdown
66.22,56.54,104,157,253,-8.60,5.20,2.29,thumbdown
66.07,51.62,105,158,253,-7.51,5.44,2.41,thumbdown
72.51,41.09,106,160,253,-6.78,7.41,2.33,thumbdown
75.09,30.99,107,162,252,-5.42,8.72,2.32,thumbdown
71.29,32.05,106,162,253,-5.24,7.92,2.68,thumbdown
75.13,38.54,106,161,250,-5.88,7.14,1.90,thumbdown
75.88,40.15,107,162,253,-6.51,7.48,1.88,thumbdown
72.38,44.80,107,162,253,-6.39,6.14,1.95,thumbdown
50.43,63.53,93,162,253,-8.54,3.28,2.71,thumbdown
69.88,58.05,109,163,253,-7.77,4.55,1.67,thumbdown
76.12,51.59,109,163,253,-6.83,5.26,1.30,thumbdown
71.63,56.45,109,163,253,-7.72,4.86,1.61,thumbdown
71.71,56.21,109,163,253,-7.83,4.98,1.64,thumbdown
73.72,54.53,110,162,253,-7.86,5.38,1.57,thumbdown
77.82,52.36,111,164,253,-7.43,5.60,1.21,thumbdown
72.81,55.23,112,166,253,-8.28,5.49,1.70,thumbdown
73.06,57.37,111,163,253,-9.05,5.54,1.69,thumbdown
80.92,63.40,110,165,253,-9.82,4.85,0.78,thumbdown
76.22,58.96,109,165,253,-10.02,5.86,1.44,thumbdown
72.26,55.12,110,164,253,-9.99,6.63,2.12,thumbdown
73.71,54.22,109,164,253,-7.70,5.32,1.56,thumbdown
76.65,51.65,109,165,253,-7.55,5.81,1.38,thumbdown
73.80,60.39,108,165,253,-7.85,4.29,1.24,thumbdown
68.22,59.02,107,165,253,-7.03,3.92,1.57,thumbdown
63.37,50.39,106,165,253,-6.52,4.83,2.42,thumbdown
64.64,35.21,101,165,253,-5.26,6.73,3.19,thumbdown
62.61,43.02,95,166,253,-6.85,6.51,3.38,thumbdown
75.26,35.75,95,166,253,-6.38,8.57,2.26,thumbdown
78.71,36.91,95,161,253,-5.93,7.74,1.54,thumbdown
82.63,37.05,101,166,253,-5.87,7.72,1.00,thumbdown
86.04,34.59,101,165,253,-5.83,8.43,0.58,thumbdown
91.58,44.37,103,165,253,-6.61,6.75,-0.19,thumbdown
93.75,42.47,109,165,253,-6.46,7.04,-0.46,thumbdown
90.55,43.20,111,166,253,-6.31,6.72,-0.06,thumbdown
82.24,34.37,111,165,253,-5.08,7.36,1.00,thumbdown
75.27,21.34,111,165,254,-3.27,8.10,2.13,thumbdown
63.12,29.94,111,167,253,-4.71,7.30,3.70,thumbdown
56.57,40.03,117,167,253,-5.60,5.57,3.68,thumbdown
58.50,70.56,111,168,253,-10.02,3.02,1.85,thumbdown
68.03,47.39,113,169,253,-8.38,7.15,2.89,thumbdown
63.25,47.54,113,170,253,-8.63,7.05,3.56,thumbdown
58.00,49.18,114,169,253,-8.37,6.13,3.83,thumbdown
72.38,40.42,113,169,253,-7.16,8.01,2.55,thumbdown
65.81,48.89,112,170,252,-7.24,5.76,2.59,thumbdown
73.67,45.03,112,171,249,-7.18,6.89,2.02,thumbdown
70.46,52.27,112,171,253,-7.58,5.53,1.96,thumbdown
78.24,42.54,112,171,253,-6.72,7.17,1.49,thumbdown
80.83,40.62,112,171,253,-6.04,6.95,1.12,thumbdown
78.07,39.81,114,171,253,-6.34,7.45,1.57,thumbdown
78.69,42.06,115,170,253,-6.58,7.15,1.43,thumbdown
80.52,44.05,113,172,253,-6.68,6.81,1.14,thumbdown
78.30,49.60,114,174,253,-7.02,5.85,1.21,thumbdown
86.27,38.60,115,172,253,-6.11,7.64,0.50,thumbdown
85.55,39.72,114,173,253,-5.87,7.04,0.55,thumbdown
84.79,43.22,114,173,253,-6.07,6.44,0.59,thumbdown
86.21,36.79,114,171,253,-5.39,7.19,0.48,thumbdown
84.54,37.98,113,166,253,-5.94,7.57,0.72,thumbdown
85.91,33.05,114,176,253,-5.35,8.21,0.59,thumbdown
85.72,30.34,114,168,253,-5.07,8.64,0.65,thumbdown
84.63,33.27,113,175,252,-5.37,8.15,0.77,thumbdown
82.87,38.97,113,174,253,-6.38,7.82,0.98,thumbdown
84.23,49.30,117,174,253,-7.25,6.21,0.63,thumbdown
84.26,46.03,116,170,253,-7.59,7.29,0.73,thumbdown
83.48,47.68,114,172,253,-7.94,7.18,0.82,thumbdown
85.33,48.98,116,173,253,-9.09,7.88,0.64,thumbdown
81.36,48.24,117,174,253,-8.77,7.74,1.18,thumbdown
81.44,46.28,119,173,251,-7.18,6.79,1.02,thumbdown
81.95,36.12,120,174,253,-5.85,7.94,1.12,thumbdown
82.02,36.83,120,174,253,-5.22,6.90,0.97,thumbdown
81.46,35.37,121,175,253,-5.16,7.19,1.08,thumbdown
81.54,35.70,124,177,253,-5.13,7.07,1.05,thumbdown
82.50,23.18,127,174,253,-3.97,9.20,1.21,thumbdown
80.80,22.33,122,174,253,-4.38,10.52,1.70,thumbdown
79.50,24.63,123,174,253,-4.30,9.22,1.71,thumbdown
81.34,28.56,122,173,253,-4.82,8.76,1.33,thumbdown
80.52,41.96,121,172,253,-5.80,6.37,1.06,thumbdown
81.88,42.54,117,172,253,-5.97,6.44,0.92,thumbdown
85.55,46.13,116,173,253,-6.71,6.43,0.50,thumbdown
90.54,51.66,117,172,253,-8.61,6.81,-0.06,thumbdown
99.68,64.03,118,173,253,-10.79,5.18,-0.88,thumbdown
117.88,73.44,117,174,254,-10.23,2.69,-1.42,thumbdown
102.33,62.27,113,174,253,-9.92,5.09,-1.11,thumbdown
91.53,64.82,111,173,253,-8.57,4.03,-0.11,thumbdown
82.71,44.76,109,172,254,-6.85,6.85,0.88,thumbdown
86.76,18.41,108,171,253,-3.34,10.03,0.57,thumbdown
94.62,59.12,115,173,254,-8.20,4.88,-0.40,thumbdown
98.51,61.52,114,173,253,-8.53,4.58,-0.68,thumbdown
107.07,65.91,115,173,253,-8.98,3.84,-1.18,thumbdown
101.49,66.37,116,173,253,-9.10,3.90,-0.79,thumbdown
95.11,55.57,117,174,253,-8.51,5.81,-0.52,thumbdown
89.54,51.48,118,173,253,-7.91,6.30,0.05,thumbdown
87.97,65.40,118,174,255,-8.70,3.98,0.14,thumbdown
89.08,57.46,116,173,253,-8.85,5.65,0.09,thumbdown
90.92,50.68,117,173,253,-7.66,6.28,-0.10,thumbdown
87.60,47.42,117,175,253,-6.86,6.29,0.26,thumbdown
83.26,61.28,118,175,253,-8.04,4.38,0.52,thumbdown
80.61,52.83,116,176,253,-7.84,5.86,0.97,thumbdown
74.61,53.99,116,176,253,-7.83,5.49,1.51,thumbdown
73.50,48.99,119,175,253,-7.27,6.06,1.80,thumbdown
75.30,48.43,122,174,253,-7.33,6.29,1.65,thumbdown
77.58,46.02,121,176,253,-7.22,6.80,1.50,thumbdown
83.66,48.80,122,175,253,-6.91,6.01,0.67,thumbdown
85.18,47.93,122,175,253,-6.88,6.19,0.52,thumbdown
87.69,48.02,122,175,253,-6.35,5.71,0.23,thumbdown
85.52,31.62,121,175,253,-5.62,9.10,0.71,thumbdown
83.62,31.95,121,175,253,-5.94,9.46,1.06,thumbdown
84.35,38.52,119,175,253,-6.09,7.62,0.75,thumbdown
82.73,46.15,131,175,253,-6.52,6.21,0.79,thumbdown
80.25,46.62,131,176,253,-8.08,7.52,1.29,thumbdown
80.85,45.47,131,175,253,-8.14,7.91,1.27,thumbdown
75.46,49.48,131,175,253,-8.13,6.73,1.75,thumbdown
80.33,39.11,132,175,253,-6.20,7.52,1.28,thumbdown
72.00,41.11,130,175,253,-6.60,7.19,2.34,thumbdown
76.96,37.76,143,175,253,-6.06,7.62,1.76,thumbdown
78.90,37.90,140,174,255,-5.73,7.23,1.42,thumbdown
82.47,34.32,139,175,253,-5.58,8.10,1.07,thumbdown
83.05,39.94,117,175,253,-5.32,6.30,0.77,thumbdown
84.35,37.72,119,175,253,-5.94,7.64,0.76,thumbdown
88.15,42.82,100,175,253,-6.19,6.68,0.22,thumbdown
86.63,44.93,89,175,253,-6.82,6.83,0.40,thumbdown
87.61,44.03,93,175,253,-6.66,6.88,0.29,thumbdown
88.04,43.08,98,176,253,-6.56,7.01,0.24,thumbdown
90.26,41.26,100,175,253,-6.36,7.25,-0.03,thumbdown
90.27,42.78,100,174,253,-6.61,7.14,-0.03,thumbdown
90.06,43.29,99,177,253,-6.55,6.95,-0.01,thumbdown
89.68,43.94,88,174,253,-6.56,6.81,0.04,thumbdown
86.60,43.80,87,174,253,-6.81,7.08,0.42,thumbdown
90.83,44.51,87,174,250,-6.67,6.79,-0.10,thumbdown
90.13,44.38,88,174,253,-7.07,7.22,-0.02,thumbdown
91.60,40.88,90,174,253,-6.39,7.37,-0.21,thumbdown
89.98,40.02,100,174,252,-6.02,7.17,0.00,thumbdown
86.15,38.34,106,174,253,-5.76,7.26,0.49,thumbdown
83.69,33.58,106,174,253,-5.40,8.08,0.89,thumbdown
85.74,42.86,107,173,253,-7.42,7.98,0.59,thumbdown
88.76,49.62,107,175,253,-7.81,6.64,0.14,thumbdown
93.32,43.17,106,175,253,-6.32,6.73,-0.39,thumbdown
90.12,37.62,110,176,253,-6.21,8.06,-0.02,thumbdown
84.52,46.81,110,175,253,-6.95,6.49,0.62,thumbdown
87.63,60.82,111,175,253,-9.01,5.03,0.21,thumbdown
95.41,63.65,115,175,253,-9.03,4.45,-0.42,thumbdown
96.06,57.39,115,175,253,-8.23,5.24,-0.56,thumbdown
94.71,52.54,119,176,253,-7.73,5.90,-0.49,thumbdown
90.84,52.82,124,177,253,-8.17,6.20,-0.09,thumbdown
90.13,49.09,135,177,253,-7.51,6.51,-0.01,thumbdown
90.82,44.67,147,176,253,-6.81,6.89,-0.10,thumbdown
87.59,44.55,147,179,253,-7.01,7.11,0.30,thumbdown
89.20,48.20,158,209,253,-7.33,6.55,0.09,thumbdown
91.13,43.06,158,215,253,-6.56,7.02,-0.14,thumbdown
93.85,43.33,157,209,253,-6.49,6.86,-0.46,thumbdown
91.68,47.30,157,209,252,-7.09,6.54,-0.19,thumbdown
90.33,47.50,156,214,253,-7.23,6.62,-0.04,thumbdown
88.61,47.12,156,205,253,-7.04,6.53,0.16,thumbdown
90.44,48.33,147,206,253,-7.33,6.52,-0.05,thumbdown
99.40,52.64,151,207,253,-7.78,5.86,-0.97,thumbdown
89.39,49.43,127,204,253,-7.65,6.55,0.07,thumbdown
89.30,45.10,120,207,253,-6.90,6.87,0.08,thumbdown
88.52,43.84,120,207,253,-7.12,7.41,0.19,thumbdown
85.30,43.10,122,205,253,-6.90,7.35,0.60,thumbdown
86.14,40.98,122,207,251,-6.49,7.45,0.50,thumbdown
89.39,42.95,122,206,255,-6.24,6.70,0.07,thumbdown
90.23,50.57,120,205,253,-6.60,5.42,-0.02,thumbdown
87.92,51.71,122,206,254,-6.94,5.48,0.20,thumbdown
92.32,56.09,122,206,253,-8.10,5.44,-0.22,thumbdown
99.13,56.51,124,206,253,-7.20,4.71,-0.76,thumbdown
94.12,60.61,123,207,254,-9.87,5.54,-0.40,thumbdown
92.98,58.01,124,207,253,-8.99,5.61,-0.29,thumbdown
90.84,56.09,125,207,253,-8.74,5.88,-0.09,thumbdown
89.92,55.21,125,208,253,-7.74,5.38,0.01,thumbdown
88.46,52.84,125,207,253,-7.76,5.88,0.16,thumbdown
87.16,52.82,127,207,253,-7.65,5.79,0.29,thumbdown
86.68,50.65,127,205,253,-7.41,6.06,0.35,thumbdown
88.37,55.22,127,207,253,-8.00,5.55,0.16,thumbdown
88.30,56.56,126,205,253,-8.08,5.33,0.16,thumbdown
86.16,57.58,126,184,252,-8.54,5.42,0.36,thumbdown
81.16,58.34,126,164,253,-8.41,5.12,0.80,thumbdown
81.74,55.27,119,150,253,-8.18,5.61,0.81,thumbdown
96.68,42.21,123,151,253,-6.23,6.83,-0.80,thumbdown
117.42,60.86,154,114,253,-8.71,4.31,-2.24,thumbdown
115.42,59.03,150,115,253,-8.59,4.65,-2.21,thumbdown
114.92,59.90,153,118,253,-8.51,4.47,-2.08,thumbdown
115.34,59.15,153,119,253,-8.37,4.52,-2.14,thumbdown
123.51,63.34,153,121,253,-8.73,3.66,-2.42,thumbdown
120.40,59.10,153,124,253,-8.48,4.38,-2.57,thumbdown
114.07,62.64,152,131,253,-8.66,4.09,-1.83,thumbdown
100.59,56.92,151,134,253,-8.36,5.35,-1.00,thumbdown
95.30,57.80,151,154,253,-8.53,5.35,-0.50,thumbdown
92.69,60.99,150,155,253,-8.38,4.64,-0.22,thumbdown
92.98,53.70,150,155,253,-7.39,5.42,-0.28,thumbdown
92.49,48.97,149,155,253,-7.30,6.34,-0.28,thumbdown
116.39,63.40,170,152,253,-9.10,4.08,-2.03,thumbdown
110.48,49.07,171,153,253,-7.27,5.90,-2.21,thumbdown
101.92,57.12,177,152,253,-8.97,5.67,-1.20,thumbdown
112.10,59.79,185,152,253,-7.66,4.13,-1.68,thumbdown
109.49,60.69,185,153,253,-8.50,4.50,-1.59,thumbdown
114.65,67.15,177,153,253,-9.05,3.46,-1.59,thumbdown
107.34,51.18,179,153,253,-8.08,6.20,-1.94,thumbdown
113.61,64.37,189,153,253,-9.12,4.01,-1.75,thumbdown
159.75,75.40,190,152,255,-9.45,0.85,-2.31,thumbdown
114.15,67.58,190,155,253,-8.99,3.39,-1.52,thumbdown
97.46,52.74,190,155,210,-8.12,6.12,-0.80,thumbdown
116.61,64.16,191,155,210,-8.24,3.57,-1.79,thumbdown
100.30,46.48,193,155,212,-6.97,6.51,-1.18,thumbdown
98.93,50.38,192,156,253,-8.09,6.61,-1.04,thumbdown
107.17,54.34,193,155,253,-8.00,5.49,-1.70,thumbdown
115.99,57.07,192,155,253,-7.92,4.61,-2.25,thumbdown
113.52,48.79,192,156,253,-7.50,6.02,-2.62,thumbdown
108.41,50.44,191,156,253,-7.56,5.93,-1.97,thumbdown
-97.28,-13.84,253,253,30,2.41,-9.72,-1.24,point
-95.99,-9.59,252,254,33,1.72,-10.11,-1.06,point
-96.23,-10.61,253,253,33,1.83,-9.71,-1.06,point
-96.52,-11.40,253,253,34,1.96,-9.65,-1.10,point
-95.83,-9.32,250,248,34,1.58,-9.60,-0.98,point
-96.27,-5.57,255,253,34,1.01,-10.30,-1.13,point
-97.37,-1.98,253,255,35,0.37,-10.63,-1.37,point
-97.58,0.28,253,253,36,-0.06,-11.45,-1.53,point
-97.23,-1.76,250,248,36,0.32,-10.19,-1.29,point
-96.61,-4.44,253,253,37,0.78,-9.92,-1.15,point
-94.92,-6.33,253,253,38,1.01,-9.10,-0.78,point
-92.97,-10.27,253,253,40,1.46,-8.03,-0.42,point
-94.58,-17.45,253,253,40,2.31,-7.32,-0.59,point
-91.66,-29.10,253,254,41,3.73,-6.69,-0.19,point
-73.14,-54.72,253,254,42,5.54,-3.75,1.14,point
-77.12,-46.92,253,253,42,6.80,-6.20,1.42,point
-70.85,-38.64,252,253,42,6.72,-7.93,2.76,point
-74.12,-37.39,253,253,42,6.91,-8.69,2.47,point
-74.04,-31.70,255,252,43,6.14,-9.56,2.73,point
-67.65,-30.54,254,255,43,5.80,-9.10,3.74,point
-63.82,-29.00,243,253,43,5.11,-8.27,4.07,point
-63.81,-27.14,253,253,42,5.36,-9.39,4.62,point
-61.57,0.31,253,252,50,-0.06,-10.39,5.63,point
-59.60,-3.54,253,253,51,0.65,-9.01,5.29,point
-50.42,-10.15,250,248,51,1.72,-7.42,6.13,point
-49.45,-16.69,253,253,50,3.11,-7.89,6.75,point
-52.68,-32.67,252,253,49,4.61,-5.72,4.36,point
-37.00,-44.13,253,253,49,7.14,-4.43,5.88,point
25.58,-70.72,253,253,50,12.95,1.96,4.09,point
-29.84,-10.73,254,253,45,1.92,-5.04,8.78,point
-3.04,-59.18,255,252,42,9.22,-0.29,5.49,point
8.57,-38.18,251,253,41,6.70,1.27,8.42,point
-45.02,0.22,253,253,56,-0.04,-8.03,8.03,point
-48.61,-5.70,253,253,56,1.19,-8.94,7.88,point
-51.66,-16.56,251,251,56,3.26,-8.59,6.79,point
-53.30,-19.23,253,253,54,4.21,-9.67,7.21,point
-38.07,-7.57,253,253,55,1.62,-7.53,9.62,point
-30.28,-3.14,253,253,57,0.51,-4.74,8.11,point
-59.06,7.45,253,253,59,-1.08,-7.10,4.26,point
-59.93,-5.66,253,253,59,0.86,-7.55,4.37,point
-60.35,-7.75,253,253,59,1.28,-8.18,4.66,point
-103.73,-21.01,247,253,54,3.36,-8.50,-2.08,point
-106.54,-21.80,253,253,57,3.03,-7.26,-2.16,point
-108.76,-15.78,254,255,60,2.29,-7.68,-2.61,point
-110.53,-11.42,253,253,61,1.78,-8.26,-3.09,point
-110.12,0.15,253,253,62,-0.03,-9.69,-3.55,point
-114.30,10.72,253,251,61,-2.25,-10.81,-4.88,point
-117.41,13.14,253,251,60,-2.82,-10.73,-5.57,point
-73.45,-31.83,253,254,49,5.90,-9.11,2.71,point
-64.23,-28.88,253,253,51,5.00,-8.16,3.94,point
-62.77,-27.75,253,253,51,4.76,-8.05,4.14,point
-62.16,-25.14,253,253,52,4.12,-7.76,4.10,point
-58.52,-24.99,252,253,51,4.47,-8.18,5.01,point
-52.01,-28.78,253,253,52,5.14,-7.38,5.76,point
-53.12,-27.24,253,253,53,4.93,-7.66,5.75,point
-49.99,-26.48,253,253,52,4.50,-6.92,5.81,point
-49.92,-22.93,253,253,52,4.00,-7.24,6.09,point
-40.84,-25.04,255,252,52,4.28,-5.99,6.93,point
-37.61,-19.96,253,251,51,3.47,-5.83,7.57,point
-38.69,-15.49,253,255,51,2.77,-6.25,7.81,point
-41.29,-16.97,253,253,48,3.25,-7.03,8.01,point
-33.90,-11.69,253,253,47,2.06,-5.54,8.25,point
-31.92,-11.79,253,253,43,1.97,-4.99,8.01,point
-30.04,-11.14,253,253,31,1.71,-4.34,7.50,point
-34.28,-5.12,253,251,30,0.84,-5.30,7.78,point
-38.43,-7.93,252,255,28,1.35,-6.00,7.57,point
-39.12,-8.06,253,253,31,1.38,-6.15,7.56,point
-36.42,-10.60,253,252,35,1.79,-5.66,7.68,point
-39.78,-10.42,253,253,35,1.77,-6.17,7.41,point
-32.64,-13.75,254,253,37,2.22,-4.90,7.65,point
-39.42,-9.02,251,255,38,1.52,-6.06,7.38,point
-26.26,-11.82,252,253,40,1.72,-3.64,7.38,point
-37.10,-6.90,253,251,40,1.16,-5.77,7.63,point
-41.78,-6.79,253,254,40,1.24,-6.94,7.77,point
-43.56,-6.53,254,253,40,1.22,-7.35,7.73,point
-35.17,-10.65,253,253,41,1.62,-4.95,7.03,point
-42.14,-2.86,253,253,41,0.46,-6.22,6.87,point
-42.67,-5.80,253,255,42,0.90,-5.98,6.48,point
-43.28,-4.65,253,252,41,0.83,-7.02,7.46,point
-41.74,-8.21,253,253,40,1.40,-6.44,7.22,point
-45.52,-10.86,255,253,33,1.69,-6.29,6.18,point
-48.27,-9.01,253,252,30,1.56,-7.35,6.56,point
-44.53,-9.43,253,253,29,1.73,-7.30,7.42,point
-39.64,-14.48,253,251,28,2.44,-6.04,7.29,point
-41.82,-9.82,252,252,28,1.79,-6.89,7.70,point
-44.82,-7.80,253,249,29,1.21,-6.24,6.28,point
-65.67,-13.39,253,253,45,2.40,-9.20,4.16,point
-62.20,-2.41,255,255,45,0.30,-6.39,3.37,point
-53.44,24.11,253,253,44,-2.15,-3.85,2.86,point
-46.99,-41.42,253,252,43,7.77,-6.44,6.01,point
-41.25,-40.47,252,251,43,7.01,-5.41,6.17,point
-40.98,-35.51,253,253,43,5.89,-5.42,6.23,point
-32.14,-16.63,253,253,51,2.93,-5.22,8.31,point
-64.85,-13.05,252,252,61,2.20,-8.60,4.04,point
-68.92,-10.98,253,253,61,1.87,-8.99,3.47,point
-73.21,-14.56,253,253,56,2.35,-8.67,2.61,point
-76.93,-14.12,253,253,57,2.38,-9.20,2.14,point
-80.20,-14.16,253,253,56,2.40,-9.37,1.62,point
-82.04,-17.40,253,253,55,3.00,-9.47,1.32,point
-84.25,-20.70,253,253,55,3.43,-9.03,0.91,point
-88.74,-23.66,253,253,55,4.02,-9.16,0.20,point
-92.90,-18.07,253,253,56,3.23,-9.89,-0.50,point
-130.02,-8.17,253,253,71,1.30,-6.91,-5.80,point
-121.22,-7.57,253,253,70,1.36,-8.72,-5.28,point
-124.29,-12.60,247,253,69,1.98,-7.33,-5.00,point
-129.91,-19.71,253,253,68,2.60,-5.57,-4.66,point
-126.41,-24.43,253,251,69,3.25,-5.76,-4.24,point
-119.89,-13.63,253,253,71,2.10,-7.50,-4.31,point
-113.16,-14.28,254,255,70,2.40,-8.68,-3.71,point
-102.95,-19.87,252,253,70,3.51,-9.48,-2.18,point
-105.75,-24.49,252,253,71,4.27,-9.03,-2.55,point
-103.33,-23.71,253,253,70,4.37,-9.68,-2.29,point
-116.91,-36.47,253,252,75,5.88,-7.09,-3.60,point
-113.83,-23.41,253,254,72,4.51,-9.53,-4.21,point
-116.69,-15.24,253,253,72,2.90,-9.50,-4.78,point
-113.53,-13.70,253,253,75,2.76,-10.39,-4.52,point
-111.82,-8.53,253,253,74,1.71,-10.61,-4.25,point
-110.99,-3.21,253,253,75,0.64,-10.61,-4.07,point
-113.84,-0.59,253,253,75,0.11,-9.34,-4.13,point
-114.67,-5.41,253,252,74,0.89,-8.50,-3.90,point
-113.71,-14.75,253,253,69,2.78,-9.67,-4.24,point
-120.09,-17.01,255,253,68,3.08,-8.71,-5.05,point
-124.54,-21.47,253,253,71,3.28,-6.87,-4.73,point
-125.18,-19.34,252,255,71,2.77,-6.44,-4.54,point
-119.35,-16.36,251,253,67,2.58,-7.65,-4.30,point
-114.94,-6.00,253,252,71,1.11,-9.59,-4.46,point
-115.37,6.00,253,253,74,-0.69,-5.97,-2.83,point
-113.86,10.71,253,255,69,-1.61,-7.77,-3.44,point
-107.46,15.83,253,253,68,-3.00,-10.10,-3.17,point
-108.56,20.46,253,253,64,-4.71,-11.97,-4.02,point
-111.54,20.48,253,253,62,-4.97,-12.38,-4.89,point
-113.01,17.50,253,253,59,-3.31,-9.67,-4.11,point
-129.33,9.84,253,255,57,-1.48,-6.60,-5.41,point
-129.97,10.39,253,253,56,-1.64,-6.87,-5.76,point
-135.34,-2.82,253,253,53,0.38,-5.40,-5.46,point
-145.57,-10.48,252,253,48,1.32,-4.05,-5.90,point
-136.50,-2.68,253,252,48,0.41,-6.10,-6.42,point
-129.49,5.09,253,255,49,-0.85,-7.35,-6.05,point
-131.18,-7.97,253,253,52,1.17,-6.27,-5.49,point
-125.40,-9.52,253,253,55,1.36,-6.62,-4.70,point
-116.95,-13.03,253,253,54,1.88,-7.23,-3.68,point
-106.05,-19.77,246,253,56,2.84,-7.60,-2.19,point
-92.07,-25.79,253,253,56,3.94,-8.15,-0.29,point
-82.68,-29.68,253,253,57,4.61,-8.02,1.03,point
-66.07,-22.03,253,253,68,3.91,-8.84,3.92,point
-61.31,-28.00,253,253,63,5.06,-8.34,4.57,point
-57.46,-31.09,253,253,63,5.14,-7.19,4.59,point
-52.18,-30.06,253,254,62,4.83,-6.59,5.12,point
-55.18,-27.13,252,253,62,4.57,-7.33,5.09,point
-45.48,-29.43,252,254,62,5.21,-6.58,6.47,point
-47.19,-27.40,255,253,62,5.23,-7.41,6.86,point
-44.06,-24.55,253,253,62,4.78,-7.28,7.52,point
-40.30,-19.64,255,253,62,3.79,-6.87,8.10,point
-38.97,-16.79,253,253,63,3.12,-6.50,8.03,point
-39.56,-12.84,253,254,66,2.49,-6.96,8.43,point
-39.10,-18.60,253,247,64,3.42,-6.41,7.89,point
-30.67,-17.97,255,253,64,2.86,-4.50,7.59,point
-25.59,-3.59,252,251,67,0.51,-3.55,7.41,point
-46.91,10.54,253,253,67,-1.97,-7.72,7.22,point
-44.96,8.31,253,253,67,-1.57,-7.60,7.61,point
-42.48,0.20,253,254,66,-0.04,-7.33,8.00,point
-43.62,-3.81,255,253,66,0.81,-8.36,8.77,point
-45.32,-10.71,253,253,65,2.32,-8.73,8.64,point
-44.17,-17.79,253,253,65,3.61,-7.83,8.06,point
-95.43,-6.69,253,253,75,1.06,-8.96,-0.85,point
-96.95,-7.87,253,252,78,1.33,-9.56,-1.17,point
-94.07,-7.05,253,253,78,1.27,-10.24,-0.73,point
-94.06,-10.00,253,253,77,1.83,-10.38,-0.74,point
-92.93,-9.37,253,253,77,1.71,-10.37,-0.53,point
-92.15,-9.07,252,251,78,1.80,-11.28,-0.42,point
-90.47,-13.43,253,254,75,2.94,-12.33,-0.10,point
-90.10,-17.15,253,253,74,3.94,-12.76,-0.02,point
-89.73,-20.20,253,253,74,4.34,-11.78,0.06,point
-89.19,-16.29,253,252,72,3.23,-11.05,0.16,point
-91.41,-11.31,243,253,73,2.09,-10.47,-0.26,point
-97.83,-9.63,253,253,73,1.56,-9.09,-1.25,point
-102.81,-9.82,253,253,73,1.42,-8.00,-1.82,point
-105.34,-6.62,253,253,74,0.94,-7.78,-2.13,point
-106.82,4.98,253,253,74,-0.78,-8.60,-2.60,point
-109.74,19.36,253,253,74,-2.89,-7.73,-2.77,point
-113.30,33.55,253,253,76,-4.69,-6.50,-2.80,point
-115.90,39.11,253,253,76,-5.56,-6.15,-2.99,point
